time,open,high,low,close,volume
2023-06-07 11:30:00,228.0,230.82960510253906,224.5500030517578,228.8000030517578,87384818
2023-06-07 13:30:00,228.80140686035156,229.51010131835938,223.1999969482422,224.79100036621094,44686848
2023-06-07 15:30:00,224.81500244140625,227.24000549316406,223.92999267578125,225.19000244140625,35507219
2023-06-07 16:00:00,225.19000244140625,226.07000732421875,223.24000549316406,224.61000061035156,13287485
2023-06-08 11:30:00,224.22000122070312,233.3300018310547,223.00999450683594,232.6649932861328,70939022
2023-06-08 13:30:00,232.67999267578125,233.1999969482422,230.67999267578125,231.86129760742188,32816895
2023-06-08 15:30:00,231.85000610351562,234.5050048828125,230.85000610351562,234.05990600585938,31773709
2023-06-08 16:00:00,234.05999755859375,235.22999572753906,233.35000610351562,234.85000610351562,12367615
2023-06-09 11:30:00,249.07000732421875,252.4199981689453,245.09190368652344,247.03500366210938,101206344
2023-06-09 13:30:00,247.02630615234375,249.1999969482422,242.02000427246094,247.34500122070312,47913157
2023-06-09 15:30:00,247.3699951171875,247.5500030517578,243.3699951171875,244.1649932861328,35580941
2023-06-09 16:00:00,244.1649932861328,245.32000732421875,243.27000427246094,244.3800048828125,11739796
2023-06-12 11:30:00,248.5,249.9199981689453,244.58999633789062,246.80909729003906,71188801
2023-06-12 13:30:00,246.80999755859375,247.99000549316406,245.5,247.1074981689453,27908982
2023-06-12 15:30:00,247.11000061035156,250.97000122070312,246.6999969482422,249.75,36312971
2023-06-12 16:00:00,249.75,250.08999633789062,248.9199981689453,249.8800048828125,9869878
2023-06-13 11:30:00,253.9499969482422,255.8300018310547,251.33999633789062,254.6219024658203,68965577
2023-06-13 13:30:00,254.63499450683594,259.19000244140625,253.77999877929688,258.739990234375,43288552
2023-06-13 15:30:00,258.760009765625,259.67999267578125,255.6300048828125,258.2449951171875,35533352
2023-06-13 16:00:00,258.260009765625,258.989990234375,257.8399963378906,258.7698974609375,8563673
2023-06-14 11:30:00,260.1700134277344,261.57000732421875,255.25,258.3500061035156,70486384
2023-06-14 13:30:00,258.3800048828125,259.17999267578125,256.0799865722656,258.1050109863281,27082557
2023-06-14 15:30:00,258.1199951171875,258.6899108886719,250.5,256.42999267578125,55357186
2023-06-14 16:00:00,256.4549865722656,257.0,254.25,256.760009765625,11362786
2023-06-15 11:30:00,248.39999389648438,257.95001220703125,247.2899932861328,257.4700012207031,72468666
2023-06-15 13:30:00,257.4700012207031,258.95001220703125,254.27000427246094,256.8900146484375,38285506
2023-06-15 15:30:00,256.8900146484375,257.75,254.8300018310547,255.77499389648438,33739746
2023-06-15 16:00:00,255.75,257.1400146484375,254.63999938964844,255.80999755859375,10731227
2023-06-16 11:30:00,258.9200134277344,263.4700012207031,257.2091064453125,258.6401062011719,74616970
2023-06-16 13:30:00,258.6499938964844,261.760009765625,257.55999755859375,260.82000732421875,34226373
2023-06-16 15:30:00,260.82000732421875,263.6000061035156,259.3700866699219,259.94989013671875,38172359
2023-06-16 16:00:00,259.989990234375,261.6099853515625,259.989990234375,260.5400085449219,11357051
2023-06-20 11:30:00,262.5,266.7300109863281,261.8700866699219,264.6825866699219,65746362
2023-06-20 13:30:00,264.69659423828125,271.5299072265625,264.4100036621094,270.756103515625,42024994
2023-06-20 15:30:00,270.75,272.7200012207031,269.4599914550781,272.6983947753906,34920037
2023-06-20 16:00:00,272.70001220703125,274.75,272.32000732421875,274.4599914550781,15339809
2023-06-21 11:30:00,275.1300048828125,276.989990234375,260.1400146484375,264.2699890136719,101815917
2023-06-21 13:30:00,264.260009765625,266.2799987792969,257.7799987792969,259.0899963378906,48137390
2023-06-21 15:30:00,259.0718994140625,264.70001220703125,258.9700012207031,263.1199951171875,40278039
2023-06-21 16:00:00,263.1300048828125,263.5199890136719,259.2699890136719,259.4599914550781,14043998
2023-06-22 11:30:00,250.77000427246094,261.7438049316406,248.25,259.1449890136719,83422883
2023-06-22 13:30:00,259.1300048828125,263.7300109863281,258.54998779296875,262.2099914550781,36355446
2023-06-22 15:30:00,262.239990234375,264.2799987792969,261.9100036621094,262.9898986816406,29994814
2023-06-22 16:00:00,262.9898986816406,265.0,262.3999938964844,264.5899963378906,10809534
2023-06-23 11:30:00,259.2900085449219,262.0199890136719,252.8000030517578,256.7799987792969,76014042
2023-06-23 13:30:00,256.79998779296875,262.45001220703125,255.7100067138672,262.1099853515625,37271704
2023-06-23 15:30:00,262.1091003417969,262.42999267578125,255.11000061035156,255.44000244140625,40187661
2023-06-23 16:00:00,255.4499969482422,257.9200134277344,254.67999267578125,256.54998779296875,13786912
2023-06-26 11:30:00,250.06500244140625,258.3699951171875,248.52999877929688,249.32000732421875,72677948
2023-06-26 13:30:00,249.3000030517578,251.19000244140625,242.64999389648438,246.34280395507812,50567656
2023-06-26 15:30:00,246.360107421875,247.1999969482422,243.85000610351562,244.67999267578125,33882390
2023-06-26 16:00:00,244.7100067138672,244.9499969482422,240.6999969482422,241.02000427246094,16072466
2023-06-27 11:30:00,243.24000549316406,247.10000610351562,240.85000610351562,244.95159912109375,73974459
2023-06-27 13:30:00,244.9510955810547,247.50999450683594,243.43499755859375,247.27000427246094,33431324
2023-06-27 15:30:00,247.3000030517578,250.1999969482422,246.5800018310547,249.0137939453125,40395029
2023-06-27 16:00:00,249.02850341796875,250.389892578125,248.5305938720703,250.1999969482422,12164394
2023-06-28 11:30:00,249.6999969482422,259.8800048828125,248.88999938964844,255.9906005859375,74521155
2023-06-28 13:30:00,255.99000549316406,258.8800048828125,253.89999389648438,256.31988525390625,40960491
2023-06-28 15:30:00,256.29010009765625,257.1400146484375,254.05999755859375,256.010009765625,31594372
2023-06-28 16:00:00,255.97999572753906,256.54998779296875,255.3101043701172,256.3999938964844,8945305
2023-06-29 11:30:00,258.0299987792969,260.739990234375,253.61000061035156,258.1260986328125,62950633
2023-06-29 13:30:00,258.139892578125,258.92999267578125,254.4499969482422,256.4255065917969,31459157
2023-06-29 15:30:00,256.42999267578125,257.30938720703125,254.67999267578125,256.32000732421875,25283302
2023-06-29 16:00:00,256.29998779296875,257.5899963378906,255.83999633789062,257.5299987792969,9094163
2023-06-30 11:30:00,260.6000061035156,264.45001220703125,259.8900146484375,263.8558044433594,53990574
2023-06-30 13:30:00,263.8500061035156,264.0899963378906,261.6000061035156,263.385009765625,23819932
2023-06-30 15:30:00,263.3800048828125,263.92999267578125,262.010009765625,262.9989929199219,20881267
2023-06-30 16:00:00,262.9800109863281,263.098388671875,261.6300048828125,261.6791076660156,9086213
2023-07-03 11:30:00,276.489990234375,284.25,276.0799865722656,277.7958068847656,83239746
2023-07-03 13:30:00,277.79998779296875,278.54998779296875,275.1099853515625,277.67999267578125,21690225
2023-07-05 11:30:00,280.25,282.9393005371094,278.0,278.5,56957717
2023-07-05 13:30:00,278.5,281.2300109863281,277.6000061035156,280.79998779296875,29740019
2023-07-05 15:30:00,280.7900085449219,282.3900146484375,278.75,282.32989501953125,27985175
2023-07-05 16:00:00,282.30999755859375,283.8500061035156,281.80999755859375,282.44000244140625,12527968
2023-07-06 11:30:00,278.0899963378906,279.9700012207031,272.8800048828125,275.20001220703125,58091933
2023-07-06 13:30:00,275.17999267578125,278.7099914550781,274.9700927734375,276.5299987792969,28891516
2023-07-06 15:30:00,276.5101013183594,278.20001220703125,275.57000732421875,277.57000732421875,21995039
2023-07-06 16:00:00,277.55999755859375,277.8399963378906,276.30999755859375,276.5400085449219,7094205
2023-07-07 11:30:00,278.42999267578125,280.7799987792969,274.04998779296875,277.45989990234375,53657005
2023-07-07 13:30:00,277.45001220703125,279.9599914550781,276.85760498046875,279.67498779296875,24757632
2023-07-07 15:30:00,279.6700134277344,279.7392883300781,275.30999755859375,275.42999267578125,21715021
2023-07-07 16:00:00,275.42999267578125,276.1499938964844,273.7699890136719,274.42999267578125,10745798
2023-07-10 11:30:00,276.4700012207031,277.5199890136719,267.80010986328125,270.05999755859375,55168464
2023-07-10 13:30:00,270.0450134277344,270.8500061035156,265.1000061035156,268.54998779296875,32172491
2023-07-10 15:30:00,268.6000061035156,270.3599853515625,267.8999938964844,268.9400939941406,22943561
2023-07-10 16:00:00,268.9100036621094,269.70001220703125,268.42999267578125,269.5000915527344,6682521
2023-07-11 11:30:00,268.6499938964844,270.8999938964844,266.8999938964844,268.5799865722656,43110515
2023-07-11 13:30:00,268.5799865722656,269.19000244140625,266.6600036621094,268.44189453125,20007302
2023-07-11 15:30:00,268.44000244140625,269.05999755859375,266.3699951171875,269.0201110839844,19194620
2023-07-11 16:00:00,269.0400085449219,270.1796875,268.5400085449219,269.82000732421875,7403116
2023-07-12 11:30:00,276.32501220703125,276.5199890136719,272.0,273.4849853515625,48247486
2023-07-12 13:30:00,273.5,273.6700134277344,271.4599914550781,273.3999938964844,20885800
2023-07-12 15:30:00,273.4100036621094,274.44000244140625,272.25,272.70001220703125,16603032
2023-07-12 16:00:00,272.7200012207031,272.9800109863281,271.8052062988281,272.0,6526162
2023-07-13 11:30:00,274.5899963378906,274.9700012207031,270.6000061035156,271.6099853515625,39761345
2023-07-13 13:30:00,271.614990234375,274.95001220703125,271.0299987792969,274.7850036621094,23494746
2023-07-13 15:30:00,274.7850036621094,279.1700134277344,274.6199951171875,278.4230041503906,32289033
2023-07-13 16:00:00,278.4200134277344,279.45001220703125,277.55999755859375,277.9700012207031,10447436
2023-07-14 11:30:00,277.010009765625,280.5400085449219,276.30999755859375,279.364990234375,43943304
2023-07-14 13:30:00,279.3599853515625,285.29998779296875,279.2300109863281,283.5899963378906,39685486
2023-07-14 15:30:00,283.6000061035156,283.9700012207031,278.7799987792969,279.95721435546875,24460429
2023-07-14 16:00:00,279.9800109863281,281.4800109863281,279.760009765625,281.3900146484375,7311675
2023-07-17 11:30:00,286.625,292.2300109863281,283.57000732421875,286.6272888183594,65151122
2023-07-17 13:30:00,286.6199951171875,288.8999938964844,285.3599853515625,286.4649963378906,26585723
2023-07-17 15:30:00,286.45001220703125,290.6300048828125,286.29998779296875,289.0700988769531,26016372
2023-07-17 16:00:00,289.05999755859375,290.5,288.6499938964844,290.3500061035156,8741439
2023-07-18 11:30:00,290.1499938964844,290.5199890136719,286.010009765625,288.8800048828125,47519228
2023-07-18 13:30:00,288.90509033203125,291.3999938964844,287.5,290.6600036621094,23956669
2023-07-18 15:30:00,290.67999267578125,293.7699890136719,290.3299865722656,292.79998779296875,24133458
2023-07-18 16:00:00,292.79998779296875,295.260009765625,292.75,293.3699951171875,12363523
2023-07-19 11:30:00,296.0400085449219,299.0,294.2300109863281,298.1000061035156,49982047
2023-07-19 13:30:00,298.1000061035156,299.2900085449219,292.5,294.59600830078125,35880367
2023-07-19 15:30:00,294.5899963378906,294.7200012207031,289.5201110839844,293.7098083496094,30540069
2023-07-19 16:00:00,293.7283935546875,294.0,291.0199890136719,291.1199951171875,9774073
2023-07-20 11:30:00,277.5,280.92999267578125,269.4599914550781,270.8599853515625,74442891
2023-07-20 13:30:00,270.864990234375,274.05999755859375,264.2099914550781,266.130615234375,42376335
2023-07-20 15:30:00,266.1199951171875,266.95001220703125,261.20001220703125,262.4067077636719,37290707
2023-07-20 16:00:00,262.43499755859375,265.54998779296875,262.41009521484375,262.9200134277344,12975228
2023-07-21 11:30:00,268.0,268.0,255.8000030517578,262.4399108886719,66332994
2023-07-21 13:30:00,262.44000244140625,265.989990234375,259.70001220703125,265.9501037597656,33096810
2023-07-21 15:30:00,265.9599914550781,267.4800109863281,261.22198486328125,262.3399963378906,32321207
2023-07-21 16:00:00,262.3399963378906,262.3900146484375,259.3599853515625,259.95001220703125,12025413
2023-07-24 11:30:00,255.85000610351562,265.1700134277344,254.1199951171875,263.93548583984375,60344575
2023-07-24 13:30:00,263.9200134277344,267.79998779296875,263.29998779296875,267.125,33761545
2023-07-24 15:30:00,267.1600036621094,269.8500061035156,266.82000732421875,267.6596984863281,28900757
2023-07-24 16:00:00,267.6415100097656,269.1600036621094,267.6400146484375,269.1077880859375,8826885
2023-07-25 11:30:00,272.3800048828125,272.8999938964844,265.4100036621094,267.8399963378906,55600601
2023-07-25 13:30:00,267.8699951171875,270.0379943847656,266.8800048828125,269.3949890136719,24690706
2023-07-25 15:30:00,269.3900146484375,270.239990234375,267.05999755859375,267.4154052734375,20924039
2023-07-25 16:00:00,267.4200134277344,267.6499938964844,265.0,265.260009765625,8887557
2023-07-26 11:30:00,263.25,268.0400085449219,261.75,263.8349914550781,40362441
2023-07-26 13:30:00,263.8349914550781,264.92999267578125,262.7200012207031,264.3900146484375,19487359
2023-07-26 15:30:00,264.3900146484375,266.3865051269531,263.05999755859375,264.54998779296875,25991021
2023-07-26 16:00:00,264.57391357421875,265.2900085449219,263.40008544921875,264.4649963378906,7384301
2023-07-27 11:30:00,268.30999755859375,269.1300048828125,263.3299865722656,266.0320129394531,38369426
2023-07-27 13:30:00,266.0400085449219,267.4800109863281,262.5,262.94500732421875,22596750
2023-07-27 15:30:00,262.90008544921875,263.2493896484375,256.0299987792969,257.1549987792969,30555539
2023-07-27 16:00:00,257.1700134277344,257.5899963378906,255.3000030517578,255.72999572753906,8833245
2023-07-28 11:30:00,259.8599853515625,265.0,258.231201171875,264.3349914550781,45418369
2023-07-28 13:30:00,264.3349914550781,267.04998779296875,264.29998779296875,265.7806091308594,27515210
2023-07-28 15:30:00,265.7799987792969,267.25,263.8999938964844,265.3700866699219,23674934
2023-07-28 16:00:00,265.3800048828125,266.7099914550781,265.2699890136719,266.5400085449219,8068744
2023-07-31 11:30:00,267.4800109863281,269.0799865722656,263.7799987792969,266.0862121582031,38629908
2023-07-31 13:30:00,266.0880126953125,268.69000244140625,265.2099914550781,266.5899963378906,22808916
2023-07-31 15:30:00,266.5799865722656,268.3299865722656,266.42999267578125,266.9200134277344,14961633
2023-07-31 16:00:00,266.9200134277344,267.55999755859375,265.82000732421875,267.489990234375,5738841
2023-08-01 11:30:00,266.260009765625,266.4700012207031,261.64801025390625,263.6050109863281,39243096
2023-08-01 13:30:00,263.6138000488281,263.9071960449219,260.25,261.19000244140625,21205010
2023-08-01 15:30:00,261.1499938964844,262.17999267578125,260.29998779296875,261.01251220703125,14672718
2023-08-01 16:00:00,261.0199890136719,261.7200012207031,260.3599853515625,261.081787109375,5280558
2023-08-02 11:30:00,255.57000732421875,259.5199890136719,253.3300018310547,254.28500366210938,47245631
2023-08-02 13:30:00,254.2863006591797,255.27999877929688,250.49000549316406,253.85499572753906,26884615
2023-08-02 15:30:00,253.85499572753906,255.47999572753906,252.94000244140625,253.2198944091797,18711308
2023-08-02 16:00:00,253.2100067138672,254.64990234375,253.0800018310547,254.16000366210938,5987441
2023-08-03 11:30:00,253.0,257.5,252.58999633789062,256.3200988769531,45180123
2023-08-03 13:30:00,256.3500061035156,258.5899963378906,255.44000244140625,257.7001953125,20942978
2023-08-03 15:30:00,257.70001220703125,260.489990234375,257.0199890136719,259.59991455078125,22519308
2023-08-03 16:00:00,259.5987854003906,260.1098937988281,258.7200012207031,259.29998779296875,6340299
2023-08-04 11:30:00,261.42999267578125,264.7699890136719,256.5,259.05999755859375,43404857
2023-08-04 13:30:00,259.05999755859375,261.0400085449219,258.1000061035156,259.55999755859375,20636313
2023-08-04 15:30:00,259.57989501953125,259.8999938964844,253.63999938964844,254.24000549316406,25406718
2023-08-04 16:00:00,254.26040649414062,254.66990661621094,253.11000061035156,253.86000061035156,7627313
2023-08-07 11:30:00,251.4499969482422,253.65109252929688,243.8800048828125,244.0041046142578,54372252
2023-08-07 13:30:00,243.97999572753906,247.05999755859375,242.75999450683594,246.72000122070312,24279839
2023-08-07 15:30:00,246.72999572753906,250.53990173339844,246.3000030517578,249.64920043945312,22194167
2023-08-07 16:00:00,249.625,251.5800018310547,249.30999755859375,251.41000366210938,7579167
2023-08-08 11:30:00,248.5,250.9199981689453,245.00999450683594,248.0,47292209
2023-08-08 13:30:00,248.02000427246094,249.63999938964844,246.3000030517578,249.1699981689453,21658710
2023-08-08 15:30:00,249.14999389648438,250.4600067138672,248.35000610351562,249.5,19304729
2023-08-08 16:00:00,249.49000549316406,250.32000732421875,248.62869262695312,249.6199951171875,6545063
2023-08-09 11:30:00,249.55999755859375,250.47869873046875,242.1999969482422,243.41929626464844,43624298
2023-08-09 13:30:00,243.41000366210938,245.64999389648438,243.0,245.1699981689453,24098702
2023-08-09 15:30:00,245.17010498046875,246.63999938964844,243.92059326171875,244.72500610351562,19025472
2023-08-09 16:00:00,244.75149536132812,244.9084014892578,241.89999389648438,242.19009399414062,10934510
2023-08-10 11:30:00,245.39999389648438,251.8000030517578,244.52999877929688,246.6300048828125,53239915
2023-08-10 13:30:00,246.6300048828125,247.2100067138672,243.8000030517578,244.82000732421875,27250260
2023-08-10 15:30:00,244.8000030517578,246.19000244140625,243.0,245.02000427246094,21407179
2023-08-10 16:00:00,245.0,245.89999389648438,244.39999389648438,245.3699951171875,5850080
2023-08-11 11:30:00,241.77000427246094,242.6699981689453,238.02000427246094,240.69000244140625,47224831
2023-08-11 13:30:00,240.67999267578125,243.1999053955078,239.32000732421875,242.38999938964844,22712114
2023-08-11 15:30:00,242.35000610351562,243.7899932861328,241.39999389648438,242.9600067138672,20612294
2023-08-11 16:00:00,242.9600067138672,243.07000732421875,241.97999572753906,242.64999389648438,7084501
2023-08-14 11:30:00,235.6999969482422,240.66000366210938,233.75,238.99000549316406,48746412
2023-08-14 13:30:00,238.99000549316406,239.61700439453125,236.7100067138672,238.7698974609375,25049204
2023-08-14 15:30:00,238.75999450683594,239.05999755859375,237.36000061035156,238.4250030517578,16962726
2023-08-14 16:00:00,238.4199981689453,239.83999633789062,238.22999572753906,239.75999450683594,5923609
2023-08-15 11:30:00,238.72999572753906,240.5,234.27000427246094,235.35079956054688,42077444
2023-08-15 13:30:00,235.35000610351562,236.13999938964844,233.1999969482422,233.92269897460938,19714273
2023-08-15 15:30:00,233.92149353027344,234.39999389648438,232.61000061035156,232.74000549316406,16712270
2023-08-15 16:00:00,232.77000427246094,233.74000549316406,232.62010192871094,232.94500732421875,6770075
2023-08-16 11:30:00,228.02000427246094,233.97000122070312,227.4499969482422,228.77999877929688,50412584
2023-08-16 13:30:00,228.7899932861328,229.27999877929688,226.6699981689453,228.55999755859375,26621873
2023-08-16 15:30:00,228.54429626464844,229.47000122070312,226.25,227.02999877929688,22923867
2023-08-16 16:00:00,227.05999755859375,227.6199951171875,225.3800048828125,225.55999755859375,8891243
2023-08-17 11:30:00,226.05999755859375,226.74000549316406,221.5312042236328,223.38999938964844,54514410
2023-08-17 13:30:00,223.4199981689453,225.52999877929688,222.8000030517578,223.88999938964844,24579845
2023-08-17 15:30:00,223.88999938964844,223.92660522460938,219.38009643554688,220.139892578125,27192660
2023-08-17 16:00:00,220.14089965820312,220.22999572753906,218.8300018310547,219.19000244140625,10304209
2023-08-18 11:30:00,214.1199951171875,217.5800018310547,212.75999450683594,212.97369384765625,63692560
2023-08-18 13:30:00,212.9958953857422,216.89999389648438,212.36000061035156,215.22999572753906,36547662
2023-08-18 15:30:00,215.2230987548828,216.32000732421875,214.1699981689453,214.92999267578125,23861185
2023-08-18 16:00:00,214.94000244140625,216.30999755859375,214.6699981689453,215.42999267578125,8161649
2023-08-21 11:30:00,221.5511932373047,229.94000244140625,220.5800018310547,225.05999755859375,65757434
2023-08-21 13:30:00,225.05999755859375,228.6199951171875,224.5500030517578,228.14999389648438,25759858
2023-08-21 15:30:00,228.13290405273438,231.05999755859375,228.07000732421875,230.15350341796875,26426392
2023-08-21 16:00:00,230.14999389648438,232.13429260253906,229.44000244140625,231.27999877929688,9865529
2023-08-22 11:30:00,240.25,240.82000732421875,233.0319061279297,233.0800018310547,63569102
2023-08-22 13:30:00,233.08639526367188,234.18499755859375,229.5500030517578,232.28500366210938,32901288
2023-08-22 15:30:00,232.3000030517578,234.19000244140625,230.79010009765625,232.5998992919922,25179472
2023-08-22 16:00:00,232.5800018310547,233.47999572753906,231.82000732421875,233.19000244140625,7030695
2023-08-23 11:30:00,229.33999633789062,235.58999633789062,229.2899932861328,235.3300018310547,46969287
2023-08-23 13:30:00,235.35899353027344,237.13999938964844,234.88999938964844,236.6761016845703,22708879
2023-08-23 15:30:00,236.67999267578125,238.97999572753906,236.66659545898438,237.86000061035156,19899598
2023-08-23 16:00:00,237.85000610351562,238.25,236.50999450683594,236.84249877929688,5848928
2023-08-24 11:30:00,238.4127960205078,238.58999633789062,228.1800994873047,231.07989501953125,48792424
2023-08-24 13:30:00,231.05999755859375,234.44000244140625,229.6999969482422,232.1199951171875,23533446
2023-08-24 15:30:00,232.1300048828125,233.77999877929688,230.6199951171875,230.88040161132812,17973569
2023-08-24 16:00:00,230.91000366210938,231.22999572753906,229.86000061035156,230.00999450683594,6402116
2023-08-25 11:30:00,231.30999755859375,237.75999450683594,230.41000366210938,234.36000061035156,50874028
2023-08-25 13:30:00,234.360595703125,236.11990356445312,232.5500030517578,234.91000366210938,22042270
2023-08-25 15:30:00,234.92999267578125,238.89999389648438,234.28070068359375,238.52850341796875,22837090
2023-08-25 16:00:00,238.52999877929688,239.0,237.57000732421875,238.5800018310547,7686760
2023-08-28 11:30:00,243.92999267578125,244.3800048828125,237.1999969482422,239.4600067138672,50686948
2023-08-28 13:30:00,239.46499633789062,239.86000061035156,235.35000610351562,239.05999755859375,28096008
2023-08-28 15:30:00,239.0800018310547,239.1199951171875,236.02999877929688,237.61500549316406,18535361
2023-08-28 16:00:00,237.58999633789062,239.67999267578125,237.47000122070312,238.88999938964844,6875789
2023-08-29 11:30:00,238.375,251.88999938964844,237.77000427246094,251.4499969482422,64211078
2023-08-29 13:30:00,251.47500610351562,254.8699951171875,250.91000366210938,253.2904052734375,30067337
2023-08-29 15:30:00,253.3000030517578,257.0400085449219,253.10000610351562,256.6476135253906,25822248
2023-08-29 16:00:00,256.6400146484375,257.4800109863281,255.41000366210938,257.239990234375,9658288
2023-08-30 11:30:00,254.1999969482422,256.3800048828125,250.58999633789062,255.41009521484375,56560615
2023-08-30 13:30:00,255.41009521484375,260.510009765625,255.25,257.9100036621094,29980082
2023-08-30 15:30:00,257.92999267578125,259.25,254.2100067138672,255.94000244140625,26072540
2023-08-30 16:00:00,255.97000122070312,257.55999755859375,255.82000732421875,256.95001220703125,6886112
2023-08-31 11:30:00,255.97999572753906,259.7900085449219,255.0500030517578,258.8399963378906,49811538
2023-08-31 13:30:00,258.82000732421875,259.9200134277344,255.64999389648438,257.7349853515625,26294015
2023-08-31 15:30:00,257.7500915527344,259.4800109863281,256.79998779296875,258.9100036621094,17172377
2023-08-31 16:00:00,258.9700012207031,261.17999267578125,257.8900146484375,258.027099609375,9019177
2023-09-01 11:30:00,257.260009765625,259.07940673828125,246.97000122070312,248.056396484375,59001118
2023-09-01 13:30:00,248.08999633789062,248.51499938964844,245.4600067138672,246.62379455566406,27480328
2023-09-01 15:30:00,246.62069702148438,247.07000732421875,242.00999450683594,244.0865020751953,31219011
2023-09-01 16:00:00,244.08999633789062,245.47999572753906,243.89999389648438,244.99000549316406,9946706
2023-09-05 11:30:00,245.0,253.99000549316406,244.86000061035156,252.2899932861328,62377405
2023-09-05 13:30:00,252.27490234375,256.8999938964844,252.0919952392578,255.36000061035156,29952729
2023-09-05 15:30:00,255.35000610351562,258.0,255.10000610351562,257.2749938964844,25050880
2023-09-05 16:00:00,257.2900085449219,257.80499267578125,255.9499969482422,256.4800109863281,8191241
2023-09-06 11:30:00,254.18760681152344,254.82989501953125,245.05999755859375,247.18919372558594,57430469
2023-09-06 13:30:00,247.17999267578125,251.0800018310547,247.1300048828125,250.57269287109375,26914043
2023-09-06 15:30:00,250.57000732421875,252.44000244140625,250.14999389648438,251.65890502929688,23395779
2023-09-06 16:00:00,251.64999389648438,252.24000549316406,251.23159790039062,251.99000549316406,6494587
2023-09-07 11:30:00,244.0,248.6999969482422,243.26499938964844,246.07989501953125,53158268
2023-09-07 13:30:00,246.05870056152344,251.1999969482422,246.02000427246094,250.82000732421875,26732118
2023-09-07 15:30:00,250.88999938964844,252.80999755859375,250.2100067138672,251.6649932861328,24565820
2023-09-07 16:00:00,251.66909790039062,252.33990478515625,251.0,251.49000549316406,7354484
2023-09-08 11:30:00,251.22000122070312,256.5199890136719,250.30999755859375,253.75999450683594,52729232
2023-09-08 13:30:00,253.75250244140625,254.35000610351562,246.6699981689453,247.33399963378906,31733360
2023-09-08 15:30:00,247.36000061035156,248.8800048828125,246.83999633789062,248.3885040283203,25050859
2023-09-08 16:00:00,248.3867950439453,248.77999877929688,247.75,248.4600067138672,6773021
2023-09-11 11:30:00,264.2699890136719,270.45001220703125,260.6099853515625,270.0899963378906,83523977
2023-09-11 13:30:00,270.0799865722656,272.5299072265625,269.55010986328125,271.8992004394531,40677974
2023-09-11 15:30:00,271.909912109375,274.8500061035156,271.86199951171875,274.6099853515625,32787338
2023-09-11 16:00:00,274.614990234375,274.6400146484375,272.54998779296875,273.6449890136719,12393053
2023-09-12 11:30:00,270.760009765625,278.3900146484375,268.3299865722656,271.67999267578125,71253723
2023-09-12 13:30:00,271.69000244140625,272.96990966796875,268.55999755859375,270.57659912109375,27558447
2023-09-12 15:30:00,270.58990478515625,270.9482116699219,266.6000061035156,268.0885009765625,27165780
2023-09-12 16:00:00,268.1000061035156,268.1400146484375,266.8900146484375,267.3900146484375,7638543
2023-09-13 11:30:00,270.07000732421875,274.9800109863281,268.1000061035156,272.389892578125,57947698
2023-09-13 13:30:00,272.364990234375,273.0799865722656,270.0,272.1405944824219,22048006
2023-09-13 15:30:00,272.16558837890625,273.67999267578125,270.0,271.1300048828125,23001789
2023-09-13 16:00:00,271.1300048828125,271.5,270.5,271.2799987792969,6196322
2023-09-14 11:30:00,271.0,276.17999267578125,270.489990234375,274.96600341796875,55025997
2023-09-14 13:30:00,274.9700012207031,275.8699951171875,273.3500061035156,274.67999267578125,22729214
2023-09-14 15:30:00,274.70001220703125,276.70941162109375,274.6499938964844,275.5899963378906,20995294
2023-09-14 16:00:00,275.5799865722656,276.44000244140625,275.2699890136719,276.0199890136719,6193641
2023-09-15 11:30:00,278.8057861328125,278.9800109863281,271.6499938964844,273.9075927734375,59855103
2023-09-15 13:30:00,273.893798828125,276.5570068359375,273.5299987792969,274.57000732421875,25496611
2023-09-15 15:30:00,274.5899963378906,275.0299987792969,271.0,273.510009765625,25739902
2023-09-15 16:00:00,273.54998779296875,278.0,272.7699890136719,274.4100036621094,8865675
2023-09-18 11:30:00,271.1600036621094,271.44000244140625,263.7601013183594,267.9100036621094,51899585
2023-09-18 13:30:00,267.9198913574219,268.639892578125,266.25,267.2650146484375,20531964
2023-09-18 15:30:00,267.2650146484375,268.42999267578125,264.760009765625,265.8349914550781,19868859
2023-09-18 16:00:00,265.83050537109375,265.9389953613281,264.7099914550781,265.20001220703125,6479282
2023-09-19 11:30:00,264.3500061035156,267.8500061035156,261.20001220703125,264.8699951171875,49828559
2023-09-19 13:30:00,264.8699951171875,266.80999755859375,263.5600891113281,266.0397033691406,22492967
2023-09-19 15:30:00,266.04998779296875,267.5,265.2200927734375,266.2099914550781,22502258
2023-09-19 16:00:00,266.2049865722656,266.7900085449219,265.6199951171875,266.4599914550781,5788089
2023-09-20 11:30:00,267.0400085449219,268.6000061035156,265.3100891113281,265.8599853515625,38841253
2023-09-20 13:30:00,265.8349914550781,273.92999267578125,265.6199951171875,271.57000732421875,27597310
2023-09-20 15:30:00,271.5899963378906,273.54998779296875,266.1000061035156,267.0199890136719,38909912
2023-09-20 16:00:00,267.0227966308594,267.1300048828125,262.4606018066406,262.4830017089844,14049609
2023-09-21 11:30:00,257.8500061035156,260.389892578125,254.2100067138672,257.348388671875,56185907
2023-09-21 13:30:00,257.3500061035156,260.8599853515625,256.9601135253906,259.9100036621094,26824397
2023-09-21 15:30:00,259.9049987792969,260.2590026855469,255.22000122070312,256.9399108886719,24225850
2023-09-21 16:00:00,256.94500732421875,257.6700134277344,255.3699951171875,255.64999389648438,9062584
2023-09-22 11:30:00,257.3999938964844,257.7887878417969,252.1300048828125,255.1999969482422,50908939
2023-09-22 13:30:00,255.22850036621094,255.90989685058594,249.6300048828125,249.64999389648438,26694571
2023-09-22 15:30:00,249.6533966064453,250.44000244140625,245.4600067138672,247.2899932861328,35621234
2023-09-22 16:00:00,247.3000030517578,247.54820251464844,244.47999572753906,244.74000549316406,10619438
2023-09-25 11:30:00,243.3800048828125,246.17999267578125,238.30999755859375,244.72000122070312,54109968
2023-09-25 13:30:00,244.72999572753906,247.07000732421875,244.5500946044922,245.22000122070312,23317045
2023-09-25 15:30:00,245.27000427246094,246.5399932861328,244.02000427246094,245.8300018310547,18311123
2023-09-25 16:00:00,245.8300018310547,247.10000610351562,245.41000366210938,247.05999755859375,6679752
2023-09-26 11:30:00,242.97999572753906,249.5500030517578,241.66009521484375,246.9398956298828,50476215
2023-09-26 13:30:00,246.93629455566406,248.64630126953125,244.97000122070312,245.0500030517578,21445330
2023-09-26 15:30:00,245.07000732421875,245.4499053955078,242.9199981689453,243.72000122070312,21498225
2023-09-26 16:00:00,243.75999450683594,244.67999267578125,243.56100463867188,244.1300048828125,6252970
2023-09-27 11:30:00,244.26199340820312,245.3300018310547,240.7301025390625,242.5699005126953,50946455
2023-09-27 13:30:00,242.55499267578125,242.92999267578125,234.5800018310547,234.97500610351562,35841809
2023-09-27 15:30:00,234.95010375976562,242.29989624023438,234.74000549316406,241.5,37668518
2023-09-27 16:00:00,241.4521026611328,241.9698944091797,239.52149963378906,240.47999572753906,9467288
2023-09-28 11:30:00,240.02000427246094,244.10000610351562,238.64999389648438,244.0800018310547,49184807
2023-09-28 13:30:00,244.0800018310547,247.5500030517578,243.860107421875,246.08990478515625,33375477
2023-09-28 15:30:00,246.08999633789062,247.14999389648438,244.2200927734375,246.19180297851562,22332727
2023-09-28 16:00:00,246.2100067138672,247.0,244.55999755859375,246.3699951171875,9815247
2023-09-29 11:30:00,250.0,254.6699981689453,248.60000610351562,251.28599548339844,58597887
2023-09-29 13:30:00,251.30999755859375,252.6300048828125,248.0,249.23500061035156,29457783
2023-09-29 15:30:00,249.2100067138672,250.60000610351562,246.35000610351562,250.0399932861328,28517925
2023-09-29 16:00:00,250.05799865722656,251.14999389648438,249.5301055908203,250.22999572753906,8616112
2023-10-02 11:30:00,244.80999755859375,254.19000244140625,242.6199951171875,254.07000732421875,60435006
2023-10-02 13:30:00,254.07000732421875,254.2799072265625,248.52999877929688,250.2899932861328,29791990
2023-10-02 15:30:00,250.32000732421875,250.60000610351562,247.8800048828125,249.98989868164062,23173911
2023-10-02 16:00:00,249.9700927734375,251.75,249.8350067138672,251.61720275878906,7312341
2023-10-03 11:30:00,248.61000061035156,250.02000427246094,244.4499969482422,246.8699951171875,50026421
2023-10-03 13:30:00,246.86000061035156,249.74000549316406,246.25,247.8300018310547,22284937
2023-10-03 15:30:00,247.85000610351562,248.36990356445312,245.47000122070312,245.58999633789062,19230027
2023-10-03 16:00:00,245.5800018310547,246.86500549316406,245.19000244140625,246.6300048828125,7477637
2023-10-04 11:30:00,248.13999938964844,256.989990234375,247.60000610351562,255.94000244140625,62031053
2023-10-04 13:30:00,255.9499969482422,258.45989990234375,255.30999755859375,257.1300048828125,26226439
2023-10-04 15:30:00,257.1499938964844,260.5198974609375,256.4100036621094,260.05999755859375,24925547
2023-10-04 16:00:00,260.0799865722656,261.8599853515625,259.95001220703125,261.260009765625,11828902
2023-10-05 11:30:00,260.0,263.6000061035156,256.25,258.0415954589844,58628179
2023-10-05 13:30:00,258.0400085449219,260.1000061035156,257.23419189453125,259.48199462890625,25870727
2023-10-05 15:30:00,259.4700012207031,262.3900146484375,259.010009765625,260.7715148925781,25075554
2023-10-05 16:00:00,260.7699890136719,261.1499938964844,259.82000732421875,260.1000061035156,7225859
2023-10-06 11:30:00,253.97999572753906,255.50379943847656,250.64999389648438,254.16000366210938,58106344
2023-10-06 13:30:00,254.1999969482422,260.2799987792969,254.125,259.7893981933594,28573303
2023-10-06 15:30:00,259.79998779296875,261.6499938964844,258.760009765625,261.3799133300781,22018080
2023-10-06 16:00:00,261.3599853515625,261.3800048828125,260.260009765625,260.54998779296875,6859176
2023-10-09 11:30:00,255.30999755859375,256.6199951171875,252.0500030517578,253.77999877929688,43446927
2023-10-09 13:30:00,253.7899932861328,255.8800048828125,253.0800018310547,255.77999877929688,20125692
2023-10-09 15:30:00,255.80999755859375,261.0400085449219,255.77439880371094,260.73748779296875,28229050
2023-10-09 16:00:00,260.7300109863281,261.3599853515625,259.2001037597656,259.6199951171875,7921383
2023-10-10 11:30:00,257.75,268.7300109863281,257.6499938964844,268.375,58744645
2023-10-10 13:30:00,268.3999938964844,268.94000244140625,262.8900146484375,264.3800048828125,29966658
2023-10-10 15:30:00,264.3800048828125,265.6099853515625,262.79998779296875,264.239990234375,24877082
2023-10-10 16:00:00,264.25,264.5400085449219,263.3399963378906,263.55999755859375,6988772
2023-10-11 11:30:00,266.20001220703125,268.6000061035156,263.0799865722656,264.1600036621094,49985507
2023-10-11 13:30:00,264.1600036621094,264.75,261.0400085449219,261.9695129394531,24435361
2023-10-11 15:30:00,261.95001220703125,264.1300048828125,260.8999938964844,263.2650146484375,20302247
2023-10-11 16:00:00,263.239990234375,263.8800048828125,262.9200134277344,262.95001220703125,6099867
2023-10-12 11:30:00,262.9200134277344,265.4100036621094,260.95001220703125,263.2200012207031,47823297
2023-10-12 13:30:00,263.239990234375,265.3900146484375,259.6400146484375,259.7699890136719,26776140
2023-10-12 15:30:00,259.760009765625,260.4100036621094,256.6307067871094,258.30999755859375,27997079
2023-10-12 16:00:00,258.30999755859375,259.739990234375,258.239990234375,258.90399169921875,6735751
2023-10-13 11:30:00,258.8999938964844,259.6000061035156,253.02000427246094,253.49000549316406,48455095
2023-10-13 13:30:00,253.50999450683594,254.39939880371094,251.52000427246094,251.52659606933594,22629272
2023-10-13 15:30:00,251.52999877929688,252.47999572753906,250.22000122070312,251.40499877929688,21038473
2023-10-13 16:00:00,251.42999267578125,251.6999969482422,250.22000122070312,251.1300048828125,7383274
2023-10-16 11:30:00,250.0500030517578,254.1699981689453,248.47999572753906,252.41000366210938,41699862
2023-10-16 13:30:00,252.36000061035156,253.37989807128906,250.82000732421875,251.9499053955078,18575269
2023-10-16 15:30:00,251.9600067138672,255.39990234375,251.7100067138672,255.0,20355568
2023-10-16 16:00:00,255.0,255.2277069091797,253.67999267578125,253.97000122070312,5826028
2023-10-17 11:30:00,250.10000610351562,254.37600708007812,247.0800018310547,253.82220458984375,42441870
2023-10-17 13:30:00,253.83999633789062,257.1830139160156,253.39999389648438,254.41000366210938,24086385
2023-10-17 15:30:00,254.40379333496094,256.218994140625,253.67250061035156,254.9199981689453,19040425
2023-10-17 16:00:00,254.9600067138672,255.05999755859375,253.9199981689453,254.85000610351562,5717077
2023-10-18 11:30:00,252.6999969482422,254.6300048828125,247.0709991455078,248.0164031982422,41959614
2023-10-18 13:30:00,248.0,248.7198944091797,243.01600646972656,245.24159240722656,32026848
2023-10-18 15:30:00,245.23590087890625,245.2799072265625,242.0800018310547,242.79100036621094,24446735
2023-10-18 16:00:00,242.8300018310547,243.47999572753906,242.32000732421875,242.5500030517578,8220744
2023-10-19 11:30:00,225.9499969482422,230.61000061035156,218.6699981689453,220.08999633789062,84709739
2023-10-19 13:30:00,220.07000732421875,222.5,219.02000427246094,222.02999877929688,34554222
2023-10-19 15:30:00,221.0500030517578,221.13999938964844,216.77999877929688,218.52000427246094,34658530
2023-10-19 16:00:00,218.57000732421875,221.0,217.30999755859375,220.11000061035156,11573432
2023-10-20 11:30:00,217.00999450683594,218.860595703125,211.32000732421875,211.639892578125,61974031
2023-10-20 13:30:00,211.63999938964844,215.75,210.4199981689453,215.3520050048828,37334118
2023-10-20 15:30:00,215.3800048828125,215.72000122070312,211.33999633789062,212.81919860839844,25606988
2023-10-20 16:00:00,212.80999755859375,213.3199005126953,211.65499877929688,211.92999267578125,9524762
2023-10-23 11:30:00,210.0,215.39999389648438,202.50999450683594,215.35000610351562,74780561
2023-10-23 13:30:00,215.3300018310547,216.97999572753906,212.94000244140625,213.639892578125,36450192
2023-10-23 15:30:00,213.61000061035156,215.41000366210938,211.4199981689453,211.88999938964844,27478856
2023-10-23 16:00:00,211.8699951171875,212.75999450683594,211.4199981689453,212.02999877929688,8194056
2023-10-24 11:30:00,216.5,222.0500030517578,214.82139587402344,216.4949951171875,59592516
2023-10-24 13:30:00,216.47999572753906,217.8300018310547,214.11000061035156,217.7050018310547,27887858
2023-10-24 15:30:00,217.6649932861328,218.32000732421875,215.67999267578125,216.02999877929688,21162621
2023-10-24 16:00:00,216.0500030517578,216.94000244140625,215.89999389648438,216.55999755859375,6591954
2023-10-25 11:30:00,215.8800048828125,220.10000610351562,214.25999450683594,218.67010498046875,49852082
2023-10-25 13:30:00,218.70989990234375,218.8800048828125,214.1199951171875,214.49000549316406,24011143
2023-10-25 15:30:00,214.47000122070312,215.77000427246094,212.85000610351562,213.26600646972656,21850528
2023-10-25 16:00:00,213.27000427246094,213.83999633789062,212.1999969482422,212.39999389648438,6911629
2023-10-26 11:30:00,211.32000732421875,214.8000030517578,207.1199951171875,208.82240295410156,52353822
2023-10-26 13:30:00,208.83999633789062,209.47000122070312,204.8800048828125,205.8419952392578,28591143
2023-10-26 15:30:00,205.8300018310547,209.5699005126953,205.22999572753906,207.77000427246094,21491500
2023-10-26 16:00:00,207.75,207.7899932861328,205.2899932861328,205.6699981689453,8899208
2023-10-27 11:30:00,210.60000610351562,214.63999938964844,203.38999938964844,210.07000732421875,47021952
2023-10-27 13:30:00,210.0800018310547,214.1999969482422,205.4499969482422,208.08999633789062,19591642
2023-10-27 15:30:00,208.0850067138672,208.3863983154297,205.77000427246094,207.3800048828125,18820080
2023-10-27 16:00:00,207.35000610351562,207.75999450683594,205.9499969482422,207.32989501953125,6696227
2023-10-30 11:30:00,209.27999877929688,211.35000610351562,193.3699951171875,198.33990478515625,61545078
2023-10-30 13:30:00,198.31629943847656,203.0500030517578,191.25,196.5850067138672,33260542
2023-10-30 15:30:00,196.61810302734375,198.88999938964844,195.55999755859375,198.101806640625,28238690
2023-10-30 16:00:00,198.10000610351562,198.22000122070312,196.92999267578125,197.27000427246094,9325300
2023-10-31 11:30:00,196.1199951171875,201.16000366210938,194.07000732421875,196.5500030517578,58455751
2023-10-31 13:30:00,196.57000732421875,199.75,196.5,199.75,23062450
2023-10-31 15:30:00,199.74000549316406,202.8000030517578,199.44009399414062,201.69500732421875,25759318
2023-10-31 16:00:00,201.6999969482422,201.6999969482422,200.35000610351562,200.8300018310547,6980022
2023-11-01 11:30:00,204.0399932861328,204.72999572753906,197.85000610351562,198.87010192871094,51052046
2023-11-01 13:30:00,198.8699951171875,202.22999572753906,198.74009704589844,201.07949829101562,23066062
2023-11-01 15:30:00,201.06959533691406,204.8800048828125,199.86000061035156,204.16000366210938,33026546
2023-11-01 16:00:00,204.13999938964844,205.99000549316406,203.92999267578125,205.6999969482422,10095739
2023-11-02 11:30:00,212.97000122070312,219.19000244140625,211.4499969482422,216.1387939453125,62343568
2023-11-02 13:30:00,216.12139892578125,218.1199951171875,215.6300048828125,216.94000244140625,26810525
2023-11-02 15:30:00,216.9499969482422,219.1999969482422,216.6199951171875,217.69009399414062,21642909
2023-11-02 16:00:00,217.68499755859375,218.63999938964844,217.1999969482422,218.52999877929688,9227487
2023-11-03 11:30:00,221.14999389648438,226.37010192871094,219.77000427246094,219.99000549316406,59821616
2023-11-03 13:30:00,220.02999877929688,221.66000366210938,218.5,219.3332061767578,27208608
2023-11-03 15:30:00,219.33999633789062,220.82000732421875,218.39999389648438,219.40069580078125,21021842
2023-11-03 16:00:00,219.39999389648438,220.16990661621094,218.64999389648438,219.9499969482422,8301320
2023-11-06 11:30:00,223.97999572753906,226.32000732421875,219.0500030517578,220.47999572753906,53036179
2023-11-06 13:30:00,220.47000122070312,220.75,215.0,215.80999755859375,28385147
2023-11-06 15:30:00,215.82989501953125,219.4199981689453,215.00999450683594,219.3000030517578,25461549
2023-11-06 16:00:00,219.30999755859375,219.76589965820312,218.6999969482422,219.32000732421875,7503827
2023-11-07 11:30:00,219.97999572753906,220.9597930908203,215.72000122070312,218.66200256347656,49275112
2023-11-07 13:30:00,218.66000366210938,220.19000244140625,216.97909545898438,219.2375030517578,26192444
2023-11-07 15:30:00,219.26519775390625,222.75,219.22000122070312,222.6688995361328,28576932
2023-11-07 16:00:00,222.64999389648438,223.1199951171875,221.75999450683594,222.27000427246094,9599790
2023-11-08 11:30:00,223.14999389648438,224.14999389648438,217.86000061035156,220.46029663085938,48793431
2023-11-08 13:30:00,220.4499969482422,221.2375030517578,217.63999938964844,219.99000549316406,25641438
2023-11-08 15:30:00,220.0,222.08999633789062,219.8800048828125,221.94000244140625,21229258
2023-11-08 16:00:00,221.94000244140625,222.9499969482422,221.4600067138672,222.10000610351562,7741544
2023-11-09 11:30:00,219.75,220.8000030517578,213.1300048828125,213.3249969482422,53407886
2023-11-09 13:30:00,213.33999633789062,213.49920654296875,207.02000427246094,209.10499572753906,40023658
2023-11-09 15:30:00,209.08999633789062,210.49000549316406,206.67999267578125,208.13009643554688,33329860
2023-11-09 16:00:00,208.1649932861328,210.53990173339844,208.11000061035156,209.94000244140625,10880671
2023-11-10 11:30:00,209.0,213.67999267578125,205.69000244140625,210.42999267578125,60916018
2023-11-10 13:30:00,210.42999267578125,213.4600067138672,209.27999877929688,213.22999572753906,30806446
2023-11-10 15:30:00,213.22000122070312,215.3800048828125,213.22000122070312,214.8697052001953,26642255
2023-11-10 16:00:00,214.86000061035156,215.02890014648438,213.97999572753906,214.69000244140625,8968876
2023-11-13 11:30:00,215.60000610351562,223.9199981689453,211.610107421875,223.52999877929688,65221833
2023-11-13 13:30:00,223.5500030517578,225.39999389648438,221.57000732421875,222.12130737304688,35159813
2023-11-13 15:30:00,222.1199951171875,224.97999572753906,221.77000427246094,224.0010986328125,26933644
2023-11-13 16:00:00,224.02000427246094,224.52999877929688,223.47999572753906,223.7050018310547,8768935
2023-11-14 11:30:00,234.0,235.58999633789062,230.72000122070312,233.99000549316406,72110265
2023-11-14 13:30:00,233.96009826660156,236.36399841308594,233.10000610351562,236.08999633789062,29885577
2023-11-14 15:30:00,236.10499572753906,237.97999572753906,234.05999755859375,237.8699951171875,30732261
2023-11-14 16:00:00,237.87989807128906,238.13499450683594,236.72000122070312,237.40499877929688,11374764
2023-11-15 11:30:00,239.2899932861328,246.6999969482422,236.4499969482422,246.07859802246094,73742605
2023-11-15 13:30:00,246.07989501953125,246.13999938964844,240.45030212402344,242.30999755859375,38706640
2023-11-15 15:30:00,242.32000732421875,244.4600067138672,242.1699981689453,244.02000427246094,25624104
2023-11-15 16:00:00,244.02999877929688,244.25999450683594,242.48809814453125,242.9250030517578,8471565
2023-11-16 11:30:00,239.25,240.8800048828125,234.3000030517578,235.57989501953125,60923720
2023-11-16 13:30:00,235.55999755859375,236.75,233.52999877929688,233.72999572753906,29727340
2023-11-16 15:30:00,233.77000427246094,234.32000732421875,230.9600067138672,232.7100067138672,31984265
2023-11-16 16:00:00,232.75,234.5,232.28309631347656,233.5,9973675
2023-11-17 11:30:00,232.0,236.13999938964844,226.5399932861328,235.75990295410156,71230188
2023-11-17 13:30:00,235.72500610351562,237.0800018310547,234.0800018310547,236.52000427246094,30881836
2023-11-17 15:30:00,236.5500030517578,237.38999938964844,233.4499969482422,234.68809509277344,29039774
2023-11-17 16:00:00,234.69000244140625,234.92999267578125,234.10000610351562,234.47999572753906,8018848
2023-11-20 11:30:00,234.0399932861328,236.1699981689453,231.02000427246094,234.19000244140625,57749507
2023-11-20 13:30:00,234.1699981689453,235.1999969482422,232.82000732421875,233.85499572753906,24717949
2023-11-20 15:30:00,233.85000610351562,236.77499389648438,233.36000061035156,236.58999633789062,23002240
2023-11-20 16:00:00,236.60000610351562,237.10000610351562,235.1300048828125,235.7100067138672,8182115
2023-11-21 11:30:00,235.0399932861328,243.6199951171875,233.33999633789062,241.95989990234375,66196402
2023-11-21 13:30:00,241.93980407714844,242.9600067138672,239.86000061035156,240.35000610351562,26007243
2023-11-21 15:30:00,240.36680603027344,242.22999572753906,240.00999450683594,241.05299377441406,20807180
2023-11-21 16:00:00,241.07000732421875,241.86000061035156,240.82229614257812,241.23500061035156,6475819
2023-11-22 11:30:00,243.41470336914062,244.00999450683594,231.46380615234375,231.97000122070312,61870596
2023-11-22 13:30:00,231.9604034423828,234.22999572753906,231.57009887695312,234.1750030517578,24382466
2023-11-22 15:30:00,234.17999267578125,234.8206024169922,231.39999389648438,233.07919311523438,22488591
2023-11-22 16:00:00,233.0758056640625,234.5,233.00999450683594,234.21009826660156,6988335
2023-11-24 11:30:00,233.75,238.75,232.3300018310547,237.84710693359375,44851883
2023-11-24 13:30:00,237.82000732421875,238.22000122070312,236.6300048828125,237.35000610351562,11802980
2023-11-27 11:30:00,237.42999267578125,237.5,232.10000610351562,234.3498992919922,52974968
2023-11-27 13:30:00,234.3249969482422,238.25999450683594,234.02000427246094,237.44000244140625,27776649
2023-11-27 15:30:00,237.44000244140625,237.9499969482422,235.72000122070312,236.64500427246094,22158885
2023-11-27 16:00:00,236.66000366210938,237.17880249023438,235.9842071533203,236.11000061035156,6692697
2023-11-28 11:30:00,236.67999267578125,241.99000549316406,234.00999450683594,240.9499969482422,64213708
2023-11-28 13:30:00,240.9571075439453,244.0,240.77000427246094,243.81820678710938,38731617
2023-11-28 15:30:00,243.8249969482422,246.42999267578125,243.64999389648438,245.38999938964844,32055284
2023-11-28 16:00:00,245.3699951171875,247.0,245.3300018310547,246.7209014892578,9548228
2023-11-29 11:30:00,249.2100067138672,252.75,245.36000061035156,245.57000732421875,68262064
2023-11-29 13:30:00,245.60000610351562,249.05999755859375,245.5399932861328,247.11000061035156,27914361
2023-11-29 15:30:00,247.1199951171875,247.5,242.75999450683594,243.1580047607422,28353682
2023-11-29 16:00:00,243.1699981689453,244.58990478515625,243.11000061035156,244.14999389648438,8199606
2023-11-30 11:30:00,245.13999938964844,245.22000122070312,239.50999450683594,239.8802947998047,56653134
2023-11-30 13:30:00,239.8800048828125,241.60000610351562,239.09519958496094,239.7198944091797,28117120
2023-11-30 15:30:00,239.72000122070312,241.85000610351562,238.22999572753906,239.4199981689453,26670141
2023-11-30 16:00:00,239.4600067138672,240.50999450683594,236.91000366210938,239.99000549316406,13016128
2023-12-01 11:30:00,233.13999938964844,237.7100067138672,231.89999389648438,236.99000549316406,59898094
2023-12-01 13:30:00,236.97000122070312,240.19000244140625,235.82000732421875,238.91000366210938,30887314
2023-12-01 15:30:00,238.91000366210938,239.00889587402344,236.61669921875,238.65420532226562,21555865
2023-12-01 16:00:00,238.65499877929688,239.0800018310547,238.02999877929688,238.7899932861328,6713128
2023-12-04 11:30:00,235.75,239.37330627441406,233.2902069091797,235.44000244140625,49064599
2023-12-04 13:30:00,235.44630432128906,238.4199981689453,235.0,236.4600067138672,22663791
2023-12-04 15:30:00,236.4600067138672,237.58729553222656,235.72999572753906,236.1334991455078,21578262
2023-12-04 16:00:00,236.13999938964844,237.08999633789062,235.4199981689453,235.55999755859375,7669184
2023-12-05 11:30:00,233.8699951171875,246.66000366210938,233.6999969482422,244.72500610351562,62624195
2023-12-05 13:30:00,244.70010375976562,245.08999633789062,239.74000549316406,240.10000610351562,34193685
2023-12-05 15:30:00,240.11000061035156,240.4499969482422,237.58999633789062,239.38999938964844,31078108
2023-12-05 16:00:00,239.38999938964844,239.94000244140625,238.1699981689453,238.7301025390625,7735320
2023-12-06 11:30:00,242.9199981689453,246.1999969482422,241.3450927734375,245.13690185546875,59015826
2023-12-06 13:30:00,245.1199951171875,246.57000732421875,242.05999755859375,242.4149932861328,32346196
2023-12-06 15:30:00,242.42100524902344,243.1199951171875,239.7899932861328,239.9600067138672,23337253
2023-12-06 16:00:00,239.9499969482422,240.7899932861328,239.1708984375,239.41209411621094,8200217
2023-12-07 11:30:00,241.5500030517578,244.0800018310547,236.97999572753906,242.07000732421875,53881565
2023-12-07 13:30:00,242.0500030517578,243.35000610351562,239.39999389648438,239.985107421875,25950836
2023-12-07 15:30:00,239.99000549316406,241.8699951171875,239.9199981689453,241.7899932861328,17877001
2023-12-07 16:00:00,241.78579711914062,242.8585968017578,241.32000732421875,242.63999938964844,6812461
2023-12-08 11:30:00,240.27000427246094,245.27000427246094,239.2700958251953,244.2572021484375,47524731
2023-12-08 13:30:00,244.25999450683594,244.6699981689453,240.47999572753906,242.53500366210938,25418100
2023-12-08 15:30:00,242.5399932861328,244.74000549316406,242.5,243.77000427246094,21454418
2023-12-08 16:00:00,243.77000427246094,244.0,243.22000122070312,243.77000427246094,6101583
2023-12-11 11:30:00,242.0,243.0500030517578,239.3249969482422,239.75,44901858
2023-12-11 13:30:00,239.75999450683594,239.89999389648438,237.4499969482422,238.71800231933594,23073118
2023-12-11 15:30:00,238.6999969482422,240.6699981689453,238.1199951171875,239.610107421875,20500742
2023-12-11 16:00:00,239.6114959716797,239.99989318847656,239.16000366210938,239.64999389648438,6555951
2023-12-12 11:30:00,238.5500030517578,238.99000549316406,233.8699951171875,235.69000244140625,46838812
2023-12-12 13:30:00,235.7100067138672,236.0,233.8800048828125,234.6865997314453,20833436
2023-12-12 15:30:00,234.6699981689453,237.5261993408203,234.5399932861328,236.94219970703125,19537725
2023-12-12 16:00:00,236.9481964111328,237.08999633789062,236.41000366210938,236.97000122070312,5704249
2023-12-13 11:30:00,234.19000244140625,236.89999389648438,228.1999969482422,229.4001007080078,55035650
2023-12-13 13:30:00,229.4199981689453,231.639892578125,228.77999877929688,230.3300018310547,28930303
2023-12-13 15:30:00,230.33599853515625,240.3000030517578,230.00999450683594,236.80999755859375,46996021
2023-12-13 16:00:00,236.7899932861328,239.3000030517578,236.5301055908203,239.27999877929688,11338084
2023-12-14 11:30:00,242.25,249.8699951171875,241.77999877929688,248.27529907226562,66996428
2023-12-14 13:30:00,248.27999877929688,253.8800048828125,248.16000366210938,249.5749969482422,48162867
2023-12-14 15:30:00,249.57000732421875,252.14999389648438,247.1999969482422,251.10400390625,33165665
2023-12-14 16:00:00,251.10000610351562,251.5500030517578,249.91000366210938,251.14010620117188,9127180
2023-12-15 11:30:00,250.375,253.3000030517578,248.3000030517578,251.8699951171875,56986145
2023-12-15 13:30:00,251.8699951171875,253.67999267578125,250.82000732421875,252.80990600585938,27421200
2023-12-15 15:30:00,252.7899932861328,252.9799041748047,250.60000610351562,251.8907928466797,19521223
2023-12-15 16:00:00,251.8800048828125,254.1300048828125,251.86000061035156,253.33999633789062,10078455
2023-12-18 11:30:00,253.77999877929688,258.739990234375,252.55999755859375,255.77999877929688,50079046
2023-12-18 13:30:00,255.7899932861328,256.3741149902344,253.25059509277344,254.14430236816406,29144154
2023-12-18 15:30:00,254.14500427246094,254.97000122070312,252.13999938964844,252.78460693359375,24871518
2023-12-18 16:00:00,252.75999450683594,252.88999938964844,251.36000061035156,252.02000427246094,7893149
2023-12-19 11:30:00,253.47999572753906,258.33990478515625,253.00999450683594,257.9299011230469,50208696
2023-12-19 13:30:00,257.94000244140625,258.14990234375,254.66000366210938,256.2250061035156,25979699
2023-12-19 15:30:00,256.2300109863281,256.95001220703125,255.1999969482422,256.1000061035156,20611841
2023-12-19 16:00:00,256.0600891113281,257.25,256.010009765625,257.19500732421875,6208436
2023-12-20 11:30:00,255.5,259.8399963378906,254.87010192871094,256.90008544921875,46722494
2023-12-20 13:30:00,256.8999938964844,257.6700134277344,255.1999969482422,256.8599853515625,22692211
2023-12-20 15:30:00,256.8399963378906,257.44000244140625,247.2899932861328,248.5500030517578,39139259
2023-12-20 16:00:00,248.5800018310547,249.4600067138672,247.0,247.23989868164062,12048781
2023-12-21 11:30:00,251.89999389648438,253.9499969482422,248.5500030517578,252.97799682617188,51006186
2023-12-21 13:30:00,252.97760009765625,254.00999450683594,250.07009887695312,251.22999572753906,27543108
2023-12-21 15:30:00,251.25999450683594,254.6199951171875,251.08999633789062,254.56480407714844,21254506
2023-12-21 16:00:00,254.55999755859375,254.79989624023438,253.74000549316406,254.51910400390625,6814491
2023-12-22 11:30:00,256.760009765625,258.2200012207031,254.25999450683594,255.125,44019673
2023-12-22 13:30:00,255.1302947998047,256.3900146484375,254.8300018310547,255.53500366210938,18034001
2023-12-22 15:30:00,255.51510620117188,255.73080444335938,251.3699951171875,253.3249969482422,23668889
2023-12-22 16:00:00,253.3101043701172,253.33990478515625,252.14999389648438,252.53900146484375,5668758
2023-12-26 11:30:00,254.49000549316406,257.47900390625,252.91000366210938,256.3949890136719,39898763
2023-12-26 13:30:00,256.4096984863281,257.82000732421875,256.1000061035156,257.7200012207031,20913765
2023-12-26 15:30:00,257.7300109863281,257.9700012207031,256.17999267578125,256.8550109863281,16515043
2023-12-26 16:00:00,256.8699951171875,257.4599914550781,256.3399963378906,256.7099914550781,6316474
2023-12-27 11:30:00,258.3500061035156,263.3399963378906,257.5199890136719,262.25,53040407
2023-12-27 13:30:00,262.2449951171875,262.9599914550781,261.8299865722656,262.8428955078125,20223943
2023-12-27 15:30:00,262.8500061035156,263.2499084472656,260.1424865722656,260.5899963378906,19536842
2023-12-27 16:00:00,260.5799865722656,261.54998779296875,260.45001220703125,261.54998779296875,10075626
2023-12-28 11:30:00,263.6600036621094,265.1300048828125,258.6000061035156,259.0,50258770
2023-12-28 13:30:00,259.0,259.8699951171875,256.4800109863281,256.6929931640625,24609632
2023-12-28 15:30:00,256.7052917480469,257.1799011230469,252.7100067138672,253.9654998779297,26176663
2023-12-28 16:00:00,253.9600067138672,254.47999572753906,252.8000030517578,253.19000244140625,9115282
2023-12-29 11:30:00,255.10000610351562,255.19000244140625,247.42999267578125,248.02000427246094,48510692
2023-12-29 13:30:00,248.0399932861328,250.0,247.66000366210938,249.81260681152344,23158589
2023-12-29 15:30:00,249.82000732421875,251.0500030517578,249.36000061035156,250.40499877929688,18297453
2023-12-29 16:00:00,250.39999389648438,250.4199981689453,248.1199951171875,248.49000549316406,7525628
2024-01-02 11:30:00,250.0,251.25,244.41000366210938,250.0,53360133
2024-01-02 13:30:00,249.9940948486328,251.0,247.0,248.35169982910156,21421888
2024-01-02 15:30:00,248.38999938964844,249.3800048828125,246.3300018310547,246.77999877929688,18400609
2024-01-02 16:00:00,246.77000427246094,248.69000244140625,246.05999755859375,248.39999389648438,7973090
2024-01-03 11:30:00,245.5,245.67999267578125,236.32000732421875,239.04010009765625,59791470
2024-01-03 13:30:00,239.0500030517578,241.27999877929688,238.35000610351562,240.1658935546875,23363701
2024-01-03 15:30:00,240.1699981689453,241.6199951171875,238.7100067138672,239.25010681152344,25351657
2024-01-03 16:00:00,239.2563934326172,239.74000549316406,237.99000549316406,238.4199981689453,7664219
2024-01-04 11:30:00,239.25,242.6999969482422,237.72999572753906,241.7449951171875,48671574
2024-01-04 13:30:00,241.72000122070312,242.14999389648438,239.77999877929688,241.1699981689453,20971034
2024-01-04 15:30:00,241.16310119628906,241.8000030517578,238.67999267578125,239.860107421875,21376390
2024-01-04 16:00:00,239.8800048828125,240.25,237.8000030517578,237.9600067138672,7923570
2024-01-05 11:30:00,236.86000061035156,240.11959838867188,234.9001007080078,238.44500732421875,44024034
2024-01-05 13:30:00,238.4698944091797,238.84970092773438,236.25999450683594,237.81419372558594,20891109
2024-01-05 15:30:00,237.8123016357422,239.3800048828125,236.6999969482422,236.9600067138672,19138263
2024-01-05 16:00:00,236.9499969482422,237.83999633789062,236.7899932861328,237.43099975585938,5783967
2024-01-08 11:30:00,236.13999938964844,239.1999969482422,235.3000030517578,238.27499389648438,39381599
2024-01-08 13:30:00,238.26010131835938,240.0,237.68499755859375,238.92999267578125,19240070
2024-01-08 15:30:00,238.93850708007812,241.16000366210938,238.6699981689453,240.73800659179688,17699541
2024-01-08 16:00:00,240.77000427246094,241.25,240.30059814453125,240.3800048828125,5631978
2024-01-09 11:30:00,238.11000061035156,238.964599609375,232.0399932861328,234.29519653320312,47581645
2024-01-09 13:30:00,234.3000030517578,235.5800018310547,233.64999389648438,234.15460205078125,21170136
2024-01-09 15:30:00,234.1750030517578,235.13999938964844,233.30999755859375,234.81410217285156,18365919
2024-01-09 16:00:00,234.82000732421875,235.14999389648438,233.77999877929688,234.87969970703125,6739054
2024-01-10 11:30:00,235.10000610351562,235.5,231.2899932861328,232.5930938720703,41409817
2024-01-10 13:30:00,232.61000061035156,233.99000549316406,232.02000427246094,233.47860717773438,20967804
2024-01-10 15:30:00,233.47000122070312,235.25,233.47000122070312,233.72999572753906,19575370
2024-01-10 16:00:00,233.75999450683594,234.0399932861328,232.77499389648438,233.88999938964844,6976760
2024-01-11 11:30:00,230.57000732421875,230.92999267578125,225.5399932861328,226.02000427246094,53942825
2024-01-11 13:30:00,226.03939819335938,227.45989990234375,225.3699951171875,226.64500427246094,20556010
2024-01-11 15:30:00,226.66000366210938,228.6334991455078,226.3101043701172,228.25799560546875,19907377
2024-01-11 16:00:00,228.25999450683594,228.64999389648438,226.32000732421875,227.3052978515625,7656066
2024-01-12 11:30:00,220.0800018310547,225.33999633789062,219.60000610351562,221.8000946044922,57422403
2024-01-12 13:30:00,221.80999755859375,222.0,217.3000030517578,219.27499389648438,32790773
2024-01-12 15:30:00,219.27999877929688,219.36990356445312,217.1501007080078,218.52040100097656,21916680
2024-01-12 16:00:00,218.5399932861328,219.3300018310547,218.2100067138672,218.82000732421875,7810716
2024-01-16 11:30:00,215.0,223.49000549316406,212.17999267578125,221.4261932373047,63518441
2024-01-16 13:30:00,221.4499969482422,222.0,218.52999877929688,221.2017059326172,24179331
2024-01-16 15:30:00,221.22999572753906,221.3300018310547,219.35000610351562,219.6195068359375,18028229
2024-01-16 16:00:00,219.6300048828125,220.10000610351562,219.22000122070312,219.9987030029297,6255499
2024-01-17 11:30:00,214.86000061035156,215.55999755859375,212.34500122070312,213.33999633789062,49840157
2024-01-17 13:30:00,213.33999633789062,214.44000244140625,212.41009521484375,212.8000946044922,22969588
2024-01-17 15:30:00,212.7899932861328,215.17999267578125,212.00999450683594,214.125,20248707
2024-01-17 16:00:00,214.13999938964844,215.6699981689453,214.07000732421875,215.5399932861328,7007435
2024-01-18 11:30:00,216.8800048828125,217.4499969482422,210.5,211.97999572753906,49484480
2024-01-18 13:30:00,211.99000549316406,212.69000244140625,208.74000549316406,209.27999877929688,26019539
2024-01-18 15:30:00,209.25999450683594,211.94000244140625,209.22000122070312,211.60000610351562,20857032
2024-01-18 16:00:00,211.61000061035156,212.0,210.8300018310547,211.8000030517578,6820931
2024-01-19 11:30:00,209.99000549316406,213.19000244140625,208.19000244140625,209.35060119628906,47343188
2024-01-19 13:30:00,209.33999633789062,210.72999572753906,207.55999755859375,210.66000366210938,22869498
2024-01-19 15:30:00,210.6699981689453,212.82000732421875,210.22999572753906,211.60009765625,21806714
2024-01-19 16:00:00,211.6199951171875,212.25999450683594,210.82000732421875,212.1699981689453,6739589
2024-01-22 11:30:00,212.25,217.8000030517578,208.75,209.20010375976562,58567493
2024-01-22 13:30:00,209.2324981689453,210.52999877929688,207.6199951171875,207.8000030517578,23020821
2024-01-22 15:30:00,207.80650329589844,209.66000366210938,206.27000427246094,209.41470336914062,24757653
2024-01-22 16:00:00,209.4333038330078,209.5800018310547,208.61000061035156,208.75,7417726
2024-01-23 11:30:00,211.3000030517578,215.64999389648438,209.44009399414062,209.73500061035156,53876184
2024-01-23 13:30:00,209.73500061035156,210.17999267578125,208.25999450683594,208.32000732421875,21966962
2024-01-23 15:30:00,208.3300018310547,209.6699981689453,207.75160217285156,209.14999389648438,20158307
2024-01-23 16:00:00,209.15499877929688,209.23989868164062,208.27999877929688,209.1300048828125,6464794
2024-01-24 11:30:00,211.8800048828125,212.72999572753906,208.55999755859375,211.0500030517578,46400741
2024-01-24 13:30:00,211.05999755859375,211.81900024414062,210.0,210.83999633789062,21753571
2024-01-24 15:30:00,210.87989807128906,211.07000732421875,206.91000366210938,207.11000061035156,26378819
2024-01-24 16:00:00,207.1300048828125,208.32000732421875,206.77000427246094,207.75999450683594,9367148
2024-01-25 11:30:00,189.0,193.0,185.0,186.3699951171875,97434812
2024-01-25 13:30:00,186.3699951171875,186.42999267578125,180.05999755859375,181.94000244140625,49583188
2024-01-25 15:30:00,181.9199981689453,183.49000549316406,180.2100067138672,182.25079345703125,34379620
2024-01-25 16:00:00,182.27000427246094,183.19000244140625,182.22000122070312,182.55999755859375,11003488
2024-01-26 11:30:00,185.5,186.77999877929688,182.50039672851562,184.03799438476562,56026245
2024-01-26 13:30:00,184.0500030517578,185.17999267578125,182.6999969482422,183.47999572753906,21673429
2024-01-26 15:30:00,183.49009704589844,183.6300048828125,182.10000610351562,182.6300048828125,18961164
2024-01-26 16:00:00,182.62989807128906,183.47000122070312,182.61000061035156,183.2299041748047,7488537
2024-01-29 11:30:00,185.6300048828125,190.89999389648438,183.6699981689453,189.86500549316406,58604936
2024-01-29 13:30:00,189.88999938964844,190.58999633789062,187.1999969482422,187.42430114746094,29662689
2024-01-29 15:30:00,187.44000244140625,191.22999572753906,187.38999938964844,191.1999969482422,21639240
2024-01-29 16:00:00,191.17999267578125,191.47999572753906,189.91009521484375,190.970703125,8962212
2024-01-30 11:30:00,195.3300018310547,196.3592987060547,192.19000244140625,193.27110290527344,55260159
2024-01-30 13:30:00,193.27999877929688,194.39999389648438,190.61000061035156,192.0850067138672,25816518
2024-01-30 15:30:00,192.10000610351562,192.39999389648438,191.13999938964844,191.97999572753906,16573014
2024-01-30 16:00:00,191.99000549316406,192.27999877929688,191.5800018310547,191.58999633789062,5126552
2024-01-31 11:30:00,186.9949951171875,191.35000610351562,185.8459014892578,190.52999877929688,39693405
2024-01-31 13:30:00,190.52999877929688,191.85000610351562,189.5399932861328,191.32850646972656,16768178
2024-01-31 15:30:00,191.3199005126953,193.97000122070312,188.50999450683594,189.20989990234375,31024745
2024-01-31 16:00:00,189.1999969482422,189.3424072265625,187.1300048828125,187.22000122070312,10186033
2024-02-01 11:30:00,188.5,189.8800048828125,184.27999877929688,185.09010314941406,43799009
2024-02-01 13:30:00,185.10000610351562,188.02999877929688,184.89999389648438,187.19200134277344,21073237
2024-02-01 15:30:00,187.19850158691406,188.97000122070312,186.89999389648438,188.30999755859375,17407592
2024-02-01 16:00:00,188.30999755859375,189.02000427246094,188.12539672851562,188.8000030517578,6020525
2024-02-02 11:30:00,185.0,186.82969665527344,182.32000732421875,183.41000366210938,46670158
2024-02-02 13:30:00,183.4199981689453,185.3800048828125,182.0,185.27000427246094,26084859
2024-02-02 15:30:00,185.2899932861328,188.69000244140625,184.75999450683594,188.25999450683594,27145317
2024-02-02 16:00:00,188.25999450683594,188.3699951171875,187.7100067138672,187.8300018310547,6809450
2024-02-05 11:30:00,184.25,184.30999755859375,175.00999450683594,177.38999938964844,64657987
2024-02-05 13:30:00,177.3800048828125,182.5800018310547,177.36000061035156,181.35499572753906,32608793
2024-02-05 15:30:00,181.3583984375,182.3300018310547,179.27999877929688,180.50010681152344,25210739
2024-02-05 16:00:00,180.51499938964844,181.3000030517578,180.14999389648438,181.02999877929688,7640386
2024-02-06 11:30:00,177.2100067138672,186.49000549316406,177.11000061035156,183.27999877929688,62386619
2024-02-06 13:30:00,183.27000427246094,183.72000122070312,181.22000122070312,182.73989868164062,26509089
2024-02-06 15:30:00,182.75,185.77000427246094,182.3699951171875,184.45399475097656,23311964
2024-02-06 16:00:00,184.45010375976562,185.11000061035156,183.86000061035156,185.10000610351562,7143401
2024-02-07 11:30:00,188.17999267578125,189.22000122070312,182.67999267578125,187.1595001220703,57333356
2024-02-07 13:30:00,187.1699981689453,189.4499969482422,186.35020446777344,189.1999969482422,20928714
2024-02-07 15:30:00,189.2100067138672,189.7899932861328,187.75,188.67999267578125,22981023
2024-02-07 16:00:00,188.6999969482422,188.8300018310547,187.39999389648438,187.66990661621094,6133346
2024-02-08 11:30:00,189.0,191.27999877929688,185.5800018310547,190.7899932861328,39266615
2024-02-08 13:30:00,190.8000030517578,191.61709594726562,188.52000427246094,188.90989685058594,22139170
2024-02-08 15:30:00,188.91000366210938,190.2100067138672,188.67999267578125,190.0050048828125,14818991
2024-02-08 16:00:00,190.00999450683594,190.0500946044922,189.11000061035156,189.47999572753906,4914073
2024-02-09 11:30:00,190.17999267578125,194.1199951171875,189.47999572753906,191.07699584960938,43701413
2024-02-09 13:30:00,191.07000732421875,193.1999969482422,190.50999450683594,193.13299560546875,18247665
2024-02-09 15:30:00,193.1300048828125,193.3000030517578,192.1802978515625,192.75,13313521
2024-02-09 16:00:00,192.74000549316406,193.7100067138672,192.2899932861328,193.57000732421875,6777523
2024-02-12 11:30:00,192.11000061035156,194.72999572753906,190.3800048828125,191.3101043701172,41306984
2024-02-12 13:30:00,191.3300018310547,191.97000122070312,187.6999969482422,188.7899932861328,26360248
2024-02-12 15:30:00,188.7899932861328,189.10000610351562,187.27999877929688,188.52000427246094,19079858
2024-02-12 16:00:00,188.50230407714844,188.77999877929688,187.75,187.97999572753906,5941738
2024-02-13 11:30:00,183.99000549316406,187.25999450683594,183.25,184.5,40126744
2024-02-13 13:30:00,184.50999450683594,185.33999633789062,183.07000732421875,184.3699951171875,18291395
2024-02-13 15:30:00,184.35000610351562,184.5,182.10870361328125,182.44000244140625,17940340
2024-02-13 16:00:00,182.43679809570312,184.11000061035156,182.4010009765625,184.00999450683594,7148640
2024-02-14 11:30:00,185.3000030517578,187.05999755859375,183.35000610351562,185.21009826660156,34797989
2024-02-14 13:30:00,185.22000122070312,186.74000549316406,184.91000366210938,186.19940185546875,15881508
2024-02-14 15:30:00,186.2100067138672,188.10000610351562,185.92999267578125,188.0800018310547,16250217
2024-02-14 16:00:00,188.08999633789062,188.88999938964844,187.80999755859375,188.72000122070312,7022863
2024-02-15 11:30:00,189.16000366210938,195.75999450683594,188.8594970703125,193.6470947265625,47948226
2024-02-15 13:30:00,193.63999938964844,198.33230590820312,193.52999877929688,198.1114959716797,28067844
2024-02-15 15:30:00,198.1219940185547,198.89999389648438,197.0500030517578,198.81500244140625,25781066
2024-02-15 16:00:00,198.80999755859375,200.8800048828125,198.80999755859375,200.49000549316406,13652658
2024-02-16 11:30:00,200.625,203.1699981689453,197.39999389648438,201.22000122070312,52679090
2024-02-16 13:30:00,201.21730041503906,202.94000244140625,198.11000061035156,199.414306640625,27518464
2024-02-16 15:30:00,199.39999389648438,201.3699951171875,198.75999450683594,200.08999633789062,20298303
2024-02-16 16:00:00,200.08999633789062,200.22439575195312,199.32000732421875,199.94000244140625,7519851
2024-02-20 11:30:00,197.125,198.60000610351562,191.0800018310547,192.63119506835938,46259576
2024-02-20 13:30:00,192.64300537109375,192.6699981689453,189.1300048828125,190.53990173339844,25906674
2024-02-20 15:30:00,190.5399932861328,193.17999267578125,189.9499969482422,193.13999938964844,20884386
2024-02-20 16:00:00,193.13670349121094,193.8800048828125,192.14500427246094,193.75999450683594,7248757
2024-02-21 11:30:00,194.33999633789062,199.44000244140625,193.9499969482422,194.05999755859375,49207949
2024-02-21 13:30:00,194.07989501953125,194.56900024414062,191.9499969482422,192.82000732421875,23929112
2024-02-21 15:30:00,192.80999755859375,194.69839477539062,192.3000030517578,193.36000061035156,19650178
2024-02-21 16:00:00,193.3699951171875,194.8800048828125,193.28500366210938,194.87989807128906,6905876
2024-02-22 11:30:00,194.0,195.3699951171875,191.36000061035156,193.89999389648438,40120276
2024-02-22 13:30:00,193.91000366210938,197.39999389648438,193.89010620117188,197.28500366210938,24198990
2024-02-22 15:30:00,197.27999877929688,197.99000549316406,196.5,197.66000366210938,17240070
2024-02-22 16:00:00,197.66000366210938,198.32000732421875,197.1699981689453,197.3800048828125,6757081
2024-02-23 11:30:00,195.30999755859375,197.57000732421875,191.5,194.52000427246094,35021531
2024-02-23 13:30:00,194.52000427246094,195.3800048828125,192.71009826660156,193.97000122070312,18314164
2024-02-23 15:30:00,193.97000122070312,194.08999633789062,191.89199829101562,191.97000122070312,16637942
2024-02-23 16:00:00,191.99000549316406,192.5399932861328,191.7100067138672,191.9199981689453,6255409
2024-02-26 11:30:00,194.07080078125,200.2100067138672,193.75,199.9600067138672,51965531
2024-02-26 13:30:00,199.95970153808594,201.77999877929688,199.07000732421875,199.22999572753906,31192038
2024-02-26 15:30:00,199.25,200.0,198.52999877929688,199.42019653320312,19090320
2024-02-26 16:00:00,199.4199981689453,199.89500427246094,198.80029296875,199.35000610351562,6324319
2024-02-27 11:30:00,205.0,205.60000610351562,201.0,201.97999572753906,49914683
2024-02-27 13:30:00,201.9499969482422,202.74000549316406,198.33009338378906,198.61000061035156,27427950
2024-02-27 15:30:00,198.63999938964844,200.9199981689453,198.25999450683594,199.98680114746094,23136850
2024-02-27 16:00:00,199.97999572753906,200.0399932861328,198.85499572753906,199.72000122070312,6333084
2024-02-28 11:30:00,200.4199981689453,205.1999969482422,198.44000244140625,205.1199951171875,50884764
2024-02-28 13:30:00,205.1300048828125,205.3000030517578,202.4199981689453,202.8000946044922,22295701
2024-02-28 15:30:00,202.82000732421875,203.72999572753906,201.3000030517578,202.05130004882812,18881305
2024-02-28 16:00:00,202.0614013671875,202.41000366210938,201.66009521484375,202.14999389648438,4898985
2024-02-29 11:30:00,205.0,205.25,199.50999450683594,199.6699981689453,42931680
2024-02-29 13:30:00,199.656005859375,200.8699951171875,198.44630432128906,200.61000061035156,16134578
2024-02-29 15:30:00,200.6199951171875,201.25,199.83009338378906,200.86399841308594,12444796
2024-02-29 16:00:00,200.86500549316406,202.19000244140625,200.74000549316406,201.75,6496202
2024-03-01 11:30:00,201.45840454101562,201.45840454101562,198.5,200.86000061035156,33824502
2024-03-01 13:30:00,200.86680603027344,204.42999267578125,200.52040100097656,204.27000427246094,22196838
2024-03-01 15:30:00,204.27999877929688,204.52000427246094,202.47000122070312,203.32989501953125,18239270
2024-03-01 16:00:00,203.32000732421875,203.38999938964844,202.50999450683594,202.6999053955078,5299727
2024-03-04 11:30:00,199.22999572753906,199.75,190.1300048828125,190.55999755859375,38337698
2024-03-04 13:30:00,190.5500030517578,190.72000122070312,186.83999633789062,187.35000610351562,26593191
2024-03-04 15:30:00,187.35499572753906,190.11000061035156,186.72000122070312,189.9915008544922,20959840
2024-03-04 16:00:00,190.00999450683594,190.13999938964844,188.1300048828125,188.1300048828125,42833382
2024-03-05 11:30:00,182.0,184.58999633789062,177.57000732421875,178.22459411621094,59532147
2024-03-05 13:30:00,178.8800048828125,181.77000427246094,178.42999267578125,180.64990234375,7820470
2024-03-05 15:30:00,180.63999938964844,181.89990234375,179.27000427246094,180.27999877929688,15549941
2024-03-05 16:00:00,180.27000427246094,181.08999633789062,179.8800048828125,180.8000030517578,37490918
2024-03-06 11:30:00,179.62570190429688,180.9600067138672,173.6999969482422,176.6199951171875,37086331
2024-03-06 13:30:00,176.6125946044922,179.99000549316406,176.05999755859375,179.88009643554688,14595035
2024-03-06 15:30:00,179.89999389648438,180.0500030517578,176.30999755859375,177.22000122070312,17128756
2024-03-06 16:00:00,177.22999572753906,177.24000549316406,176.19000244140625,176.5,33837205
2024-03-07 11:30:00,174.35000610351562,179.77999877929688,173.6999969482422,177.37989807128906,50867903
2024-03-07 13:30:00,177.3800048828125,179.11000061035156,176.0,179.0,20469168
2024-03-07 15:30:00,179.01499938964844,180.0399932861328,178.2100067138672,179.01800537109375,20794104
2024-03-07 16:00:00,179.00999450683594,179.6699981689453,178.49000549316406,178.57000732421875,6176931
2024-03-08 11:30:00,181.5,182.72999572753906,174.77000427246094,175.05999755859375,44192015
2024-03-08 13:30:00,175.07000732421875,176.8199005126953,174.6999969482422,176.07000732421875,16940557
2024-03-08 15:30:00,176.0500030517578,176.8000030517578,174.89999389648438,175.60000610351562,14780123
2024-03-08 16:00:00,175.61000061035156,176.17999267578125,175.0399932861328,175.33999633789062,6098503
2024-03-11 11:30:00,175.0,182.8699951171875,174.8101043701172,177.88499450683594,45191596
2024-03-11 13:30:00,177.88800048828125,179.08990478515625,177.11000061035156,178.91009521484375,17585433
2024-03-11 15:30:00,178.9207000732422,179.5800018310547,176.69000244140625,176.72999572753906,13094438
2024-03-11 16:00:00,176.75,177.89999389648438,176.52000427246094,177.8300018310547,6912466
2024-03-12 11:30:00,177.77000427246094,178.77999877929688,172.41009521484375,178.5500030517578,47282406
2024-03-12 13:30:00,178.5679931640625,179.0800018310547,176.75999450683594,178.10459899902344,19457167
2024-03-12 15:30:00,178.1199951171875,179.42999267578125,177.8000030517578,179.05499267578125,11759874
2024-03-12 16:00:00,179.07000732421875,179.08999633789062,177.32000732421875,177.4810028076172,5377583
2024-03-13 11:30:00,173.0500030517578,176.0500030517578,170.60000610351562,172.7050018310547,49967981
2024-03-13 13:30:00,172.72000122070312,173.16000366210938,170.85000610351562,171.7510986328125,17429721
2024-03-13 15:30:00,171.76280212402344,172.02999877929688,169.2899932861328,169.56199645996094,21981370
2024-03-13 16:00:00,169.57000732421875,170.1199951171875,169.14999389648438,169.49000549316406,8498560
2024-03-14 11:30:00,167.77000427246094,171.1699981689453,163.31149291992188,163.34910583496094,53357850
2024-03-14 13:30:00,163.36000061035156,163.86000061035156,161.8800048828125,162.0998992919922,30315493
2024-03-14 15:30:00,162.0800018310547,163.5399932861328,160.50999450683594,161.13999938964844,24930601
2024-03-14 16:00:00,161.14999389648438,162.67999267578125,160.6300048828125,162.47999572753906,10201732
2024-03-15 11:30:00,163.13999938964844,165.1844940185547,161.11000061035156,163.59500122070312,32813805
2024-03-15 13:30:00,163.57000732421875,163.66000366210938,160.75999450683594,161.9561004638672,21234428
2024-03-15 15:30:00,161.94749450683594,163.88999938964844,161.91000366210938,163.19000244140625,12579712
2024-03-15 16:00:00,163.17999267578125,163.77870178222656,162.7100067138672,163.58999633789062,5018726
2024-03-18 11:30:00,170.15899658203125,174.72000122070312,165.9001007080078,173.67999267578125,57632891
2024-03-18 13:30:00,173.6699981689453,174.10000610351562,171.9499969482422,172.82000732421875,21434496
2024-03-18 15:30:00,172.83999633789062,174.23399353027344,172.02999877929688,174.14999389648438,15893149
2024-03-18 16:00:00,174.14999389648438,174.40499877929688,173.3300018310547,173.94000244140625,7588624
2024-03-19 11:30:00,172.22999572753906,172.82000732421875,167.4199981689453,171.75990295410156,42181410
2024-03-19 13:30:00,171.75999450683594,172.72000122070312,171.0,171.72560119628906,15144556
2024-03-19 15:30:00,171.72000122070312,172.1999969482422,170.55870056152344,171.22000122070312,12561555
2024-03-19 16:00:00,171.2113037109375,171.8000030517578,171.08999633789062,171.30999755859375,4573934
2024-03-20 11:30:00,172.95799255371094,174.3199005126953,170.82000732421875,172.64999389648438,34758736
2024-03-20 13:30:00,172.64999389648438,173.4600067138672,171.7530059814453,172.9499969482422,13621065
2024-03-20 15:30:00,172.94000244140625,175.63999938964844,172.47999572753906,175.3800048828125,24375480
2024-03-20 16:00:00,175.3699951171875,176.25,175.24000549316406,175.72999572753906,7013455
2024-03-21 11:30:00,176.35800170898438,178.08999633789062,173.8000030517578,175.0800018310547,35157590
2024-03-21 13:30:00,175.08990478515625,175.2899932861328,172.83299255371094,173.3695068359375,15677458
2024-03-21 15:30:00,173.34500122070312,173.5800018310547,171.8000030517578,173.09500122070312,14295572
2024-03-21 16:00:00,173.09950256347656,173.36000061035156,172.75999450683594,172.77000427246094,4729829
2024-03-22 11:30:00,166.7949981689453,170.72999572753906,166.3000030517578,170.6750030517578,41370457
2024-03-22 13:30:00,170.6750030517578,170.6885986328125,168.7100067138672,170.38999938964844,15066254
2024-03-22 15:30:00,170.39999389648438,171.1999969482422,170.11000061035156,170.6199951171875,11728743
2024-03-22 16:00:00,170.63999938964844,171.14999389648438,170.49000549316406,170.77999877929688,4208041
2024-03-25 11:30:00,168.72999572753906,175.24000549316406,168.72999572753906,171.17990112304688,37955765
2024-03-25 13:30:00,171.17999267578125,173.0800018310547,170.8802032470703,172.27330017089844,15676100
2024-03-25 15:30:00,172.26199340820312,173.7198944091797,171.92999267578125,171.97970581054688,13586303
2024-03-25 16:00:00,171.97000122070312,172.80999755859375,171.8800048828125,172.63999938964844,4172079
2024-03-26 11:30:00,178.60000610351562,184.25,177.63009643554688,181.86500549316406,62300673
2024-03-26 13:30:00,181.86500549316406,182.27999877929688,178.85000610351562,179.30499267578125,24832053
2024-03-26 15:30:00,179.30499267578125,179.8800048828125,178.44000244140625,178.52200317382812,14431529
2024-03-26 16:00:00,178.54989624023438,178.5800018310547,177.3800048828125,177.69000244140625,6656129
2024-03-27 11:30:00,181.32000732421875,181.57699584960938,176.00999450683594,179.04150390625,38655905
2024-03-27 13:30:00,179.0634002685547,181.91000366210938,178.25790405273438,179.85000610351562,20983058
2024-03-27 15:30:00,179.86000061035156,180.7899932861328,179.35000610351562,179.75,13418393
2024-03-27 16:00:00,179.75999450683594,180.17990112304688,179.1300048828125,179.91000366210938,5130886
2024-03-28 11:30:00,177.45899963378906,179.57000732421875,175.6999969482422,176.6300048828125,35423079
2024-03-28 13:30:00,176.61000061035156,177.97999572753906,176.00999450683594,177.15499877929688,15807182
2024-03-28 15:30:00,177.13999938964844,177.41000366210938,175.8000030517578,175.86000061035156,13607898
2024-03-28 16:00:00,175.86000061035156,176.0,175.3000030517578,175.7899932861328,6751175
2024-04-01 11:30:00,176.16000366210938,176.38999938964844,170.2100067138672,172.10499572753906,39725249
2024-04-01 13:30:00,172.08999633789062,173.277099609375,170.88999938964844,171.88999938964844,15115954
2024-04-01 15:30:00,171.86000061035156,174.08680725097656,171.75,173.9550018310547,13168495
2024-04-01 16:00:00,173.9499969482422,175.2899932861328,173.19009399414062,175.1199951171875,8080117
2024-04-02 11:30:00,164.68899536132812,167.19000244140625,163.42999267578125,165.6699981689453,64055430
2024-04-02 13:30:00,165.6699981689453,167.69000244140625,165.11289978027344,166.73019409179688,21890329
2024-04-02 15:30:00,166.73399353027344,167.0574951171875,165.25999450683594,166.06500244140625,17129981
2024-04-02 16:00:00,166.05999755859375,167.02000427246094,165.80999755859375,166.60000610351562,7624184
2024-04-03 11:30:00,164.0500030517578,168.52999877929688,163.27999877929688,167.73500061035156,43149615
2024-04-03 13:30:00,167.74000549316406,168.82000732421875,167.0500030517578,167.7100067138672,16709267
2024-04-03 15:30:00,167.72000122070312,168.55999755859375,167.32200622558594,167.51499938964844,13210128
2024-04-03 16:00:00,167.50059509277344,168.44000244140625,167.1199951171875,168.38999938964844,5745474
2024-04-04 11:30:00,170.0,172.05499267578125,168.00999450683594,171.86000061035156,35256605
2024-04-04 13:30:00,171.83999633789062,177.19000244140625,171.83999633789062,175.92990112304688,42765563
2024-04-04 15:30:00,175.92599487304688,176.32000732421875,170.75840759277344,170.875,31276942
2024-04-04 16:00:00,170.8800048828125,172.24000549316406,170.84500122070312,171.2100067138672,8411932
2024-04-05 11:30:00,168.9499969482422,170.86000061035156,161.30999755859375,161.3699951171875,59941808
2024-04-05 13:30:00,161.35000610351562,169.0,160.52000427246094,167.8000030517578,44361016
2024-04-05 15:30:00,167.82000732421875,168.17999267578125,164.0,165.08999633789062,21228501
2024-04-05 16:00:00,165.0677947998047,165.69000244140625,164.85000610351562,164.85000610351562,6992447
2024-04-08 11:30:00,169.2899932861328,174.5,167.7899932861328,173.64999389648438,54584676
2024-04-08 13:30:00,173.64999389648438,173.99000549316406,172.16099548339844,173.8000030517578,22613690
2024-04-08 15:30:00,173.81900024414062,174.39999389648438,172.85000610351562,173.33200073242188,16605680
2024-04-08 16:00:00,173.32000732421875,173.44000244140625,172.55340576171875,172.99000549316406,6713614
2024-04-09 11:30:00,172.97999572753906,179.22000122070312,171.9199981689453,175.0605010986328,57864965
2024-04-09 13:30:00,175.0659942626953,175.82000732421875,174.27000427246094,175.39109802246094,17759634
2024-04-09 15:30:00,175.3800048828125,176.47999572753906,174.7532958984375,175.97000122070312,15707758
2024-04-09 16:00:00,175.9600067138672,177.0,175.8800048828125,177.0,6772251
2024-04-10 11:30:00,173.0699005126953,174.92999267578125,170.72000122070312,172.47000122070312,41450105
2024-04-10 13:30:00,172.4600067138672,172.47999572753906,170.44000244140625,171.39500427246094,17701551
2024-04-10 15:30:00,171.3699951171875,176.8800048828125,170.00999450683594,171.42869567871094,15990880
2024-04-10 16:00:00,171.47109985351562,172.14349365234375,170.97000122070312,171.75,6302575
2024-04-11 11:30:00,172.47000122070312,174.16990661621094,168.50999450683594,170.5050048828125,38669583
2024-04-11 13:30:00,170.51499938964844,174.2899932861328,170.39999389648438,173.83999633789062,23007554
2024-04-11 15:30:00,173.85000610351562,175.2899932861328,173.77999877929688,174.92709350585938,22022312
2024-04-11 16:00:00,174.92999267578125,175.8800048828125,174.52999877929688,174.59500122070312,7293139
2024-04-12 11:30:00,172.32000732421875,173.80990600585938,171.2899932861328,172.4853973388672,29280110
2024-04-12 13:30:00,172.50999450683594,172.9499969482422,170.36439514160156,170.60000610351562,14223905
2024-04-12 15:30:00,170.58999633789062,171.77999877929688,170.50999450683594,171.07000732421875,11130306
2024-04-12 16:00:00,171.06500244140625,171.39999389648438,170.8300018310547,171.05999755859375,4466963
2024-04-15 11:30:00,170.2480010986328,170.69000244140625,164.39999389648438,166.3000030517578,42710109
2024-04-15 13:30:00,166.30999755859375,166.94000244140625,162.89999389648438,162.97000122070312,19979911
2024-04-15 15:30:00,162.97999572753906,163.4857940673828,161.61000061035156,161.91079711914062,20190951
2024-04-15 16:00:00,161.92999267578125,162.52000427246094,161.3800048828125,161.4499969482422,8574824
2024-04-16 11:30:00,156.74200439453125,158.19000244140625,153.75,158.02000427246094,53007572
2024-04-16 13:30:00,158.0050048828125,158.17990112304688,156.375,156.72999572753906,16683586
2024-04-16 15:30:00,156.8000030517578,157.8300018310547,155.50990295410156,157.3300018310547,17597271
2024-04-16 16:00:00,157.32000732421875,157.67999267578125,156.77999877929688,157.0800018310547,6338233
2024-04-17 11:30:00,157.6199951171875,157.7100067138672,153.77999877929688,155.85000610351562,36788952
2024-04-17 13:30:00,155.86500549316406,157.25999450683594,154.75010681152344,157.16810607910156,17910871
2024-04-17 15:30:00,157.1699981689453,158.3300018310547,156.2100067138672,156.24000549316406,18497594
2024-04-17 16:00:00,156.25999450683594,156.5800018310547,155.3000030517578,155.4250030517578,5633897
2024-04-18 11:30:00,151.2899932861328,152.1999969482422,148.6999969482422,150.8784942626953,46759015
2024-04-18 13:30:00,150.8542022705078,151.03799438476562,149.50999450683594,150.87350463867188,20234297
2024-04-18 15:30:00,150.88499450683594,151.41000366210938,149.4199981689453,150.66909790039062,18056028
2024-04-18 16:00:00,150.6699981689453,150.97999572753906,149.80999755859375,149.83999633789062,5958315
2024-04-19 11:30:00,148.94000244140625,150.92999267578125,148.10000610351562,149.9600067138672,40378214
2024-04-19 13:30:00,149.9499969482422,150.08999633789062,147.80999755859375,148.90499877929688,18318655
2024-04-19 15:30:00,148.9250030517578,149.3271026611328,146.63999938964844,147.21499633789062,15819316
2024-04-19 16:00:00,147.1999969482422,147.24659729003906,146.22000122070312,147.02000427246094,7819742
2024-04-22 11:30:00,140.6020050048828,147.0500030517578,138.80250549316406,140.1645965576172,57917839
2024-04-22 13:30:00,140.16000366210938,142.8300018310547,139.9600067138672,142.1699981689453,22098000
2024-04-22 15:30:00,142.14999389648438,143.33999633789062,141.4600067138672,142.35000610351562,15946624
2024-04-22 16:00:00,142.3679962158203,142.4835968017578,141.64999389648438,142.02999877929688,7025584
2024-04-23 11:30:00,143.2100067138672,146.1840057373047,141.11000061035156,145.66000366210938,43588951
2024-04-23 13:30:00,145.65020751953125,147.25,144.52000427246094,145.6999969482422,21923206
2024-04-23 15:30:00,145.6999969482422,145.94000244140625,144.47000122070312,145.02999877929688,19571351
2024-04-23 16:00:00,145.0030059814453,145.1300048828125,144.52000427246094,144.8699951171875,8190649
2024-04-24 11:30:00,163.01800537109375,167.97000122070312,158.3000030517578,161.3300018310547,100646931
2024-04-24 13:30:00,161.36000061035156,163.07530212402344,157.50999450683594,160.7899932861328,35656841
2024-04-24 15:30:00,160.8000030517578,162.57000732421875,160.32000732421875,161.88499450683594,26930953
2024-04-24 16:00:00,161.91000366210938,162.55999755859375,161.52999877929688,162.17999267578125,9810245
2024-04-25 11:30:00,158.9600067138672,166.8800048828125,158.36000061035156,166.4499969482422,55902674
2024-04-25 13:30:00,166.447998046875,166.53990173339844,162.75070190429688,164.6342010498047,21611095
2024-04-25 15:30:00,164.5800018310547,170.8800048828125,164.5399932861328,169.36500549316406,29292288
2024-04-25 16:00:00,169.3699951171875,170.60000610351562,168.860107421875,170.30999755859375,12422091
2024-04-26 11:30:00,169.08999633789062,171.25,167.25999450683594,170.6699981689453,46337270
2024-04-26 13:30:00,170.6999969482422,172.1199951171875,170.14010620117188,170.9499969482422,21955541
2024-04-26 15:30:00,170.94000244140625,170.97999572753906,166.3699951171875,167.58529663085938,28803698
2024-04-26 16:00:00,167.56500244140625,168.67999267578125,166.9199981689453,168.2899932861328,8824762
2024-04-29 11:30:00,186.24000549316406,193.11959838867188,184.5399932861328,192.77999877929688,110539179
2024-04-29 13:30:00,192.77999877929688,198.8699951171875,191.1199951171875,195.6300048828125,73054298
2024-04-29 15:30:00,195.63999938964844,195.66000366210938,191.13999938964844,192.35499572753906,37308274
2024-04-29 16:00:00,192.33999633789062,195.1699981689453,192.0500030517578,194.19500732421875,13849701
2024-04-30 11:30:00,186.9600067138672,190.9499969482422,183.75,184.2799072265625,60666432
2024-04-30 13:30:00,184.2899932861328,185.7100067138672,183.00999450683594,184.39999389648438,30165144
2024-04-30 15:30:00,184.39500427246094,185.89999389648438,182.84010314941406,183.7050018310547,21220330
2024-04-30 16:00:00,183.6999969482422,184.8699951171875,183.22000122070312,183.3800048828125,8750890
2024-05-01 11:30:00,182.1999969482422,184.0500030517578,179.00999450683594,180.4971923828125,38318676
2024-05-01 13:30:00,180.5,182.8800048828125,179.36000061035156,180.00990295410156,16282045
2024-05-01 15:30:00,179.99850463867188,185.86000061035156,179.86000061035156,183.7949981689453,24169457
2024-05-01 16:00:00,183.7949981689453,183.82000732421875,179.97999572753906,179.9949951171875,9553174
2024-05-02 11:30:00,182.86000061035156,184.60000610351562,176.02000427246094,179.9541015625,44059144
2024-05-02 13:30:00,179.95989990234375,180.55999755859375,178.41000366210938,180.39500427246094,20128094
2024-05-02 15:30:00,180.39500427246094,181.74989318847656,179.58099365234375,180.8885040283203,15679100
2024-05-02 16:00:00,180.8699951171875,181.30990600585938,179.79010009765625,180.02000427246094,5993646
2024-05-03 11:30:00,181.8300018310547,184.77999877929688,178.5399932861328,179.60809326171875,37896759
2024-05-03 13:30:00,179.61000061035156,181.4492950439453,179.50999450683594,181.3300018310547,16204562
2024-05-03 15:30:00,181.38999938964844,182.02000427246094,180.6199951171875,181.4199981689453,13167258
2024-05-03 16:00:00,181.39999389648438,181.63999938964844,180.86099243164062,181.24000549316406,4485453
2024-05-06 11:30:00,183.802001953125,187.55999755859375,181.19000244140625,183.16990661621094,42376850
2024-05-06 13:30:00,183.22500610351562,184.5800018310547,182.1999969482422,184.52999877929688,18903332
2024-05-06 15:30:00,184.52000427246094,185.39999389648438,183.5500030517578,183.63999938964844,14640102
2024-05-06 16:00:00,183.61000061035156,184.88999938964844,183.51010131835938,184.88999938964844,4971914
2024-05-07 11:30:00,182.4199981689453,183.25,178.16000366210938,179.50990295410156,34799038
2024-05-07 13:30:00,179.47000122070312,180.08999633789062,178.55999755859375,179.39999389648438,17402559
2024-05-07 15:30:00,179.41000366210938,179.5800018310547,177.39999389648438,178.14239501953125,14304320
2024-05-07 16:00:00,178.14990234375,178.40989685058594,177.6300048828125,177.80999755859375,4567128
2024-05-08 11:30:00,171.5019989013672,175.69000244140625,170.14999389648438,174.97120666503906,44276632
2024-05-08 13:30:00,174.97999572753906,176.05990600585938,173.8699951171875,174.4783935546875,16573956
2024-05-08 15:30:00,174.4499969482422,175.0800018310547,174.05409240722656,174.7301025390625,10202969
2024-05-08 16:00:00,174.71499633789062,174.9600067138672,174.22000122070312,174.77999877929688,4742302
2024-05-09 11:30:00,175.0,175.6199951171875,172.25999450683594,172.5,28999814
2024-05-09 13:30:00,172.5247039794922,173.4499969482422,172.00999450683594,173.15989685058594,15377978
2024-05-09 15:30:00,173.14999389648438,173.14999389648438,171.54049682617188,171.77999877929688,12946767
2024-05-09 16:00:00,171.75999450683594,172.22999572753906,171.3800048828125,171.9600067138672,4831694
2024-05-10 11:30:00,173.00999450683594,173.05990600585938,167.86000061035156,169.15249633789062,38000485
2024-05-10 13:30:00,169.1614990234375,169.25999450683594,167.75,168.6199951171875,15759099
2024-05-10 15:30:00,168.63600158691406,169.1999969482422,167.77650451660156,169.1540069580078,10881988
2024-05-10 16:00:00,169.16000366210938,169.30999755859375,168.44000244140625,168.4600067138672,4785931
2024-05-13 11:30:00,170.00999450683594,175.39999389648438,169.02999877929688,172.4499969482422,35938771
2024-05-13 13:30:00,172.42999267578125,173.07000732421875,170.83059692382812,171.58999633789062,14335237
2024-05-13 15:30:00,171.5800018310547,172.39999389648438,170.94000244140625,171.8699951171875,9959144
2024-05-13 16:00:00,171.86990356445312,172.1999969482422,171.6300048828125,171.9199981689453,3675533
2024-05-14 11:30:00,175.61000061035156,179.49000549316406,174.42050170898438,178.92999267578125,45210299
2024-05-14 13:30:00,178.92190551757812,179.0399932861328,175.75999450683594,176.25,18235381
2024-05-14 15:30:00,176.23089599609375,177.82000732421875,175.9199981689453,177.60000610351562,14343296
2024-05-14 16:00:00,177.58999633789062,178.0,177.28500366210938,177.61000061035156,5287905
2024-05-15 11:30:00,179.9929962158203,180.0,173.11000061035156,174.84010314941406,45353821
2024-05-15 13:30:00,174.86000061035156,175.47999572753906,174.16000366210938,175.30990600585938,14250531
2024-05-15 15:30:00,175.2899932861328,175.60000610351562,174.39999389648438,174.63600158691406,9961258
2024-05-15 16:00:00,174.6300048828125,174.77999877929688,173.75999450683594,174.08990478515625,5311126
2024-05-16 11:30:00,174.1199951171875,175.7899932861328,171.42999267578125,174.36099243164062,32333363
2024-05-16 13:30:00,174.3699951171875,175.41830444335938,173.8800048828125,174.2747039794922,12256730
2024-05-16 15:30:00,174.27499389648438,175.22000122070312,173.96009826660156,174.9600067138672,8732621
2024-05-16 16:00:00,174.9499969482422,175.2100067138672,174.58999633789062,174.86000061035156,3827266
2024-05-17 11:30:00,173.75,178.4550018310547,172.75,177.87440490722656,34151501
2024-05-17 13:30:00,177.79879760742188,179.6300048828125,177.1199951171875,177.22000122070312,22127137
2024-05-17 15:30:00,177.22999572753906,177.69000244140625,176.0,177.12010192871094,13703609
2024-05-17 16:00:00,177.11000061035156,177.64999389648438,176.92999267578125,177.57000732421875,4355541
2024-05-20 11:30:00,177.55999755859375,177.75399780273438,173.82020568847656,174.3582000732422,32128316
2024-05-20 13:30:00,174.3300018310547,175.25,173.60000610351562,174.24949645996094,13652040
2024-05-20 15:30:00,174.25,174.92999267578125,173.52000427246094,174.9084014892578,9399699
2024-05-20 16:00:00,174.89999389648438,175.02000427246094,174.47000122070312,174.97000122070312,4001966
2024-05-21 11:30:00,175.49000549316406,179.69000244140625,174.74000549316406,178.89599609375,35804611
2024-05-21 13:30:00,178.88999938964844,182.1999969482422,178.13009643554688,181.64999389648438,25561126
2024-05-21 15:30:00,181.63999938964844,186.5500030517578,181.57000732421875,184.76829528808594,37149177
2024-05-21 16:00:00,184.7698974609375,186.875,184.63999938964844,186.69000244140625,10595135
2024-05-22 11:30:00,182.8000030517578,183.8000030517578,180.38099670410156,180.47500610351562,41433837
2024-05-22 13:30:00,180.47000122070312,181.10000610351562,179.5500030517578,179.66969299316406,18640967
2024-05-22 15:30:00,179.6699981689453,179.98829650878906,178.1199951171875,179.61000061035156,15866400
2024-05-22 16:00:00,179.61000061035156,180.2100067138672,178.89010620117188,180.1959991455078,5318433
2024-05-23 11:30:00,181.8699951171875,181.89999389648438,175.14999389648438,176.50010681152344,34781314
2024-05-23 13:30:00,176.50999450683594,177.89999389648438,176.3699951171875,177.02000427246094,12270722
2024-05-23 15:30:00,177.02000427246094,177.10000610351562,173.25999450683594,173.7209930419922,15590493
2024-05-23 16:00:00,173.72860717773438,174.30499267578125,173.5399932861328,173.74000549316406,4874167
2024-05-24 11:30:00,174.80999755859375,179.5,173.72999572753906,178.49000549316406,32354018
2024-05-24 13:30:00,178.47030639648438,179.35000610351562,177.7899932861328,179.0500946044922,13615522
2024-05-24 15:30:00,179.05999755859375,179.9199981689453,178.83999633789062,179.52000427246094,11511265
2024-05-24 16:00:00,179.52999877929688,180.07980346679688,178.97000122070312,179.33999633789062,4545287
2024-05-28 11:30:00,176.30099487304688,176.5399932861328,173.16000366210938,176.08999633789062,30803121
2024-05-28 13:30:00,176.11000061035156,178.24989318847656,175.7100067138672,176.0247039794922,12533235
2024-05-28 15:30:00,176.02999877929688,176.6699981689453,174.82000732421875,176.3011932373047,9824743
2024-05-28 16:00:00,176.3000030517578,176.8800048828125,176.07000732421875,176.74000549316406,3588710
2024-05-29 11:30:00,174.1199951171875,178.14999389648438,174.01499938964844,175.21400451660156,24419689
2024-05-29 13:30:00,175.2050018310547,177.55999755859375,174.8101043701172,176.8300018310547,13559454
2024-05-29 15:30:00,176.80499267578125,177.8249969482422,176.2100067138672,177.625,9430557
2024-05-29 16:00:00,177.55540466308594,178.00999450683594,176.0500030517578,176.2100067138672,4496951
2024-05-30 11:30:00,178.60000610351562,182.6699981689453,175.3834991455078,176.70010375976562,42976140
2024-05-30 13:30:00,176.7198944091797,178.5800018310547,176.0500030517578,178.38999938964844,12542009
2024-05-30 15:30:00,178.38999938964844,180.28500366210938,178.2899932861328,178.94000244140625,14707742
2024-05-30 16:00:00,178.9250030517578,179.17999267578125,177.52000427246094,178.8300018310547,4255283
2024-05-31 11:30:00,178.4199981689453,180.32000732421875,175.1199951171875,175.4499969482422,28255678
2024-05-31 13:30:00,175.4698944091797,176.0500030517578,173.82009887695312,175.94000244140625,13487599
2024-05-31 15:30:00,175.95880126953125,176.33999633789062,175.3800048828125,175.69000244140625,8533691
2024-05-31 16:00:00,175.6699981689453,178.27000427246094,175.55999755859375,178.05999755859375,6579300
2024-06-03 11:30:00,178.35000610351562,182.63890075683594,177.25,179.0500030517578,33002586
2024-06-03 13:30:00,179.05999755859375,179.92999267578125,174.49000549316406,175.79139709472656,17942394
2024-06-03 15:30:00,175.7899932861328,176.8300018310547,175.57009887695312,176.57400512695312,11179899
2024-06-03 16:00:00,176.60000610351562,176.64999389648438,175.56100463867188,176.3800048828125,3717740
2024-06-04 11:30:00,174.77499389648438,177.0800018310547,174.00999450683594,176.05999755859375,31294683
2024-06-04 13:30:00,176.05999755859375,176.3300018310547,174.69009399414062,175.66050720214844,9639138
2024-06-04 15:30:00,175.7100067138672,177.7550048828125,175.1501007080078,175.74000549316406,12024511
2024-06-04 16:00:00,175.72000122070312,175.77999877929688,174.7100067138672,174.72000122070312,4660211
2024-06-05 11:30:00,175.27999877929688,175.30999755859375,172.1300048828125,175.09010314941406,29169867
2024-06-05 13:30:00,175.1042938232422,176.14990234375,175.0699005126953,175.5500030517578,12293127
2024-06-05 15:30:00,175.5500030517578,175.6199951171875,174.5800018310547,174.70179748535156,8935416
2024-06-05 16:00:00,174.72000122070312,175.22000122070312,174.52000427246094,174.9600067138672,3624987
2024-06-06 11:30:00,174.4199981689453,176.9199981689453,172.72999572753906,174.4398956298828,26217569
2024-06-06 13:30:00,174.42999267578125,178.23500061035156,174.35000610351562,177.99009704589844,18495295
2024-06-06 15:30:00,178.01809692382812,179.72999572753906,177.6300048828125,178.58999633789062,16302098
2024-06-06 16:00:00,178.57000732421875,179.08619689941406,177.82000732421875,177.94000244140625,5846036
2024-06-07 11:30:00,176.14999389648438,179.35000610351562,175.94000244140625,178.33999633789062,27083723
2024-06-07 13:30:00,178.33999633789062,178.86000061035156,177.07000732421875,177.49000549316406,11572552
2024-06-07 15:30:00,177.5,177.7698974609375,175.5800018310547,177.3300018310547,10614460
2024-06-07 16:00:00,177.32000732421875,177.74000549316406,176.75,177.39999389648438,3960904
2024-06-10 11:30:00,176.05999755859375,178.57000732421875,175.29010009765625,175.94500732421875,21943682
2024-06-10 13:30:00,175.97999572753906,176.24000549316406,174.35000610351562,174.86000061035156,10269813
2024-06-10 15:30:00,174.86500549316406,175.00990295410156,173.1699981689453,175.0,10788614
2024-06-10 16:00:00,174.94000244140625,174.9499969482422,173.52000427246094,173.7899932861328,3939643
2024-06-11 11:30:00,173.9199981689453,174.75,167.6999969482422,168.4123992919922,31093732
2024-06-11 13:30:00,168.41000366210938,169.1199951171875,167.4199981689453,168.67999267578125,14226192
2024-06-11 15:30:00,168.67269897460938,170.22999572753906,168.67269897460938,169.67840576171875,11362643
2024-06-11 16:00:00,169.67999267578125,170.72999572753906,169.24000549316406,170.5800018310547,4763283
2024-06-12 11:30:00,171.25,178.44000244140625,169.8000030517578,178.41000366210938,38780845
2024-06-12 13:30:00,178.4199981689453,180.27000427246094,177.75999450683594,178.9600067138672,20633184
2024-06-12 15:30:00,178.9499969482422,180.5500030517578,177.64999389648438,178.05499267578125,18683521
2024-06-12 16:00:00,178.05999755859375,178.48980712890625,176.9600067138672,177.19000244140625,7244082
2024-06-13 11:30:00,188.42799377441406,191.0500030517578,181.94009399414062,183.8699951171875,70347432
2024-06-13 13:30:00,183.86500549316406,185.5800018310547,182.8000030517578,183.74989318847656,19146640
2024-06-13 15:30:00,183.72109985351562,184.86990356445312,182.5500030517578,182.55999755859375,13312049
2024-06-13 16:00:00,182.5800018310547,183.0,181.27999877929688,182.56019592285156,7950205
2024-06-14 11:30:00,185.76499938964844,186.0,178.22000122070312,179.1699981689453,43446751
2024-06-14 13:30:00,179.17930603027344,179.72000122070312,176.9199981689453,179.16000366210938,16608875
2024-06-14 15:30:00,179.1649932861328,179.4199981689453,177.5500030517578,178.63999938964844,12831511
2024-06-14 16:00:00,178.6300048828125,178.65989685058594,177.77999877929688,177.96499633789062,5476629
2024-06-17 11:30:00,177.9499969482422,186.6300048828125,177.0,185.5800018310547,47774401
2024-06-17 13:30:00,185.5850067138672,187.27999877929688,184.4499969482422,187.139892578125,22970670
2024-06-17 15:30:00,187.1300048828125,188.80999755859375,186.25,188.4199981689453,22837738
2024-06-17 16:00:00,188.4199981689453,188.75,187.3000030517578,187.52000427246094,9455818
2024-06-18 11:30:00,186.59500122070312,187.1999969482422,182.375,183.27000427246094,38347287
2024-06-18 13:30:00,183.27000427246094,185.1999969482422,182.89999389648438,184.66720581054688,13357074
2024-06-18 15:30:00,184.6676025390625,185.35000610351562,183.83599853515625,184.42990112304688,10040745
2024-06-18 16:00:00,184.39999389648438,185.10000610351562,184.1699981689453,184.88099670410156,3519355
2024-06-20 11:30:00,184.67999267578125,185.2100067138672,180.72000122070312,182.79989624023438,27100640
2024-06-20 13:30:00,182.77999877929688,183.44000244140625,180.08999633789062,180.19000244140625,11218039
2024-06-20 15:30:00,180.1999053955078,181.35000610351562,179.6699981689453,181.08839416503906,9601528
2024-06-20 16:00:00,181.08999633789062,181.97000122070312,180.75,181.52000427246094,3772053
2024-06-21 11:30:00,181.8300018310547,183.9499969482422,180.69000244140625,182.2100067138672,29937804
2024-06-21 13:30:00,182.2100067138672,183.08999633789062,181.3300018310547,181.47000122070312,8537230
2024-06-21 15:30:00,181.43499755859375,182.1199951171875,181.0399932861328,181.94500732421875,7805189
2024-06-21 16:00:00,181.9600067138672,183.6199951171875,181.5749969482422,183.0399932861328,6256377
2024-06-24 11:30:00,185.610107421875,188.3800048828125,182.60000610351562,184.7899932861328,36411447
2024-06-24 13:30:00,184.7700958251953,185.5399932861328,183.360107421875,183.4949951171875,9013276
2024-06-24 15:30:00,183.5,184.3800048828125,182.9300994873047,184.2949981689453,8782632
2024-06-24 16:00:00,184.3000030517578,184.35000610351562,182.5500030517578,182.65780639648438,4395552
2024-06-25 11:30:00,184.1999969482422,187.00999450683594,182.00999450683594,185.9600067138672,28654973
2024-06-25 13:30:00,185.97000122070312,187.97000122070312,184.80999755859375,185.47999572753906,14675084
2024-06-25 15:30:00,185.4846954345703,187.74000549316406,184.69009399414062,187.57000732421875,11057968
2024-06-25 16:00:00,187.5,187.72000122070312,186.6800994873047,187.42999267578125,3980354
2024-06-26 11:30:00,186.4199981689453,194.19000244140625,186.36000061035156,193.08639526367188,41507378
2024-06-26 13:30:00,193.07000732421875,195.5,192.69000244140625,194.9199981689453,20410070
2024-06-26 15:30:00,194.9199981689453,196.9499969482422,194.25999450683594,196.63499450683594,19450529
2024-06-26 16:00:00,196.6300048828125,197.7550048828125,196.2899932861328,196.39999389648438,9259075
2024-06-27 11:30:00,195.2100067138672,198.7050018310547,194.1199951171875,194.8209991455078,39283396
2024-06-27 13:30:00,194.8300018310547,196.8800048828125,194.1999969482422,196.71800231933594,13262042
2024-06-27 15:30:00,196.72999572753906,197.11000061035156,195.16000366210938,196.89999389648438,10049515
2024-06-27 16:00:00,196.8800048828125,197.99000549316406,196.81170654296875,197.39999389648438,6425266
2024-06-28 11:30:00,199.63999938964844,203.1999969482422,198.5800018310547,200.8686981201172,45401593
2024-06-28 13:30:00,200.84500122070312,201.35000610351562,195.3699951171875,196.83999633789062,23128005
2024-06-28 15:30:00,196.86500549316406,197.5800018310547,195.82009887695312,196.1020050048828,10624816
2024-06-28 16:00:00,196.11199951171875,198.08999633789062,195.25999450683594,198.0,7806119
2024-07-01 11:30:00,201.0279998779297,211.5500030517578,200.85000610351562,210.36000061035156,66879384
2024-07-01 13:30:00,210.36000061035156,211.3394012451172,208.97999572753906,209.7834014892578,22329882
2024-07-01 15:30:00,209.77000427246094,213.22999572753906,208.97000122070312,210.6280059814453,29933533
2024-07-01 16:00:00,210.6107940673828,212.0489959716797,209.32000732421875,209.860107421875,11024848
2024-07-02 11:30:00,218.87600708007812,231.13999938964844,218.07000732421875,229.58099365234375,113703179
2024-07-02 13:30:00,229.58990478515625,229.86000061035156,226.82000732421875,227.33999633789062,35479966
2024-07-02 15:30:00,227.36000061035156,229.69000244140625,225.8699951171875,228.5850067138672,31315228
2024-07-02 16:00:00,228.57000732421875,231.2899932861328,228.49000549316406,231.24000549316406,14895715
2024-07-03 11:30:00,235.5,248.35000610351562,235.44000244140625,242.13499450683594,119955540
2024-07-03 13:30:00,242.13409423828125,246.08999633789062,240.1199951171875,244.97000122070312,25523183
2024-07-05 11:30:00,252.08990478515625,252.33999633789062,242.47000122070312,248.42550659179688,76999006
2024-07-05 13:30:00,248.38999938964844,249.4510040283203,243.94000244140625,246.64500427246094,28861927
2024-07-05 15:30:00,246.6320037841797,251.57000732421875,246.39999389648438,250.523193359375,32008267
2024-07-05 16:00:00,250.5500030517578,251.8300018310547,249.47999572753906,251.4199981689453,11194774
2024-07-08 11:30:00,247.6999969482422,256.7598876953125,244.57000732421875,256.26129150390625,64589849
2024-07-08 13:30:00,256.2948913574219,259.4389953613281,248.8000030517578,251.92999267578125,46799809
2024-07-08 15:30:00,251.92999267578125,253.55999755859375,250.57000732421875,252.89599609375,28952334
2024-07-08 16:00:00,252.8699951171875,254.35000610351562,249.8800048828125,252.91000366210938,12711941
2024-07-09 11:30:00,251.0,259.8800048828125,250.3000030517578,258.70989990234375,60048529
2024-07-09 13:30:00,258.69000244140625,264.9800109863281,257.9100036621094,260.4700012207031,52223776
2024-07-09 15:30:00,260.5,265.6099853515625,260.20001220703125,262.5979919433594,33640293
2024-07-09 16:00:00,262.6028137207031,263.3599853515625,261.44000244140625,262.409912109375,9828673
2024-07-10 11:30:00,262.8299865722656,265.7200012207031,257.8599853515625,261.96990966796875,60350460
2024-07-10 13:30:00,262.0,265.6499938964844,261.6400146484375,265.2049865722656,27434909
2024-07-10 15:30:00,265.2362976074219,267.5899963378906,263.95001220703125,265.5000915527344,28189600
2024-07-10 16:00:00,265.5,265.6485900878906,263.1600036621094,263.2598876953125,8299970
2024-07-11 11:30:00,263.375,271.0,260.510009765625,261.7900085449219,75128298
2024-07-11 13:30:00,261.81500244140625,262.6600036621094,241.33999633789062,248.07000732421875,79427477
2024-07-11 15:30:00,248.07000732421875,248.08990478515625,240.27000427246094,240.46499633789062,39657242
2024-07-11 16:00:00,240.4600067138672,243.6575927734375,239.64999389648438,240.8699951171875,15527273
2024-07-12 11:30:00,235.72999572753906,251.19000244140625,233.09120178222656,249.17999267578125,86662984
2024-07-12 13:30:00,249.1743927001953,251.83900451660156,248.60000610351562,249.6685028076172,31756783
2024-07-12 15:30:00,249.6699981689453,251.02000427246094,249.0500030517578,250.35000610351562,22011088
2024-07-12 16:00:00,250.3300018310547,250.75999450683594,247.6999969482422,248.3300018310547,11035968
2024-07-15 11:30:00,255.96499633789062,265.5799865722656,252.86000061035156,261.9241943359375,68268562
2024-07-15 13:30:00,262.0,263.21990966796875,257.5,260.54998779296875,31651937
2024-07-15 15:30:00,260.4800109863281,261.0979919433594,255.39999389648438,255.59979248046875,24742236
2024-07-15 16:00:00,255.64999389648438,255.77999877929688,251.72999572753906,252.77000427246094,14828122
2024-07-16 11:30:00,257.57989501953125,258.6199951171875,245.8000946044922,251.89010620117188,59651898
2024-07-16 13:30:00,251.9250030517578,255.10000610351562,249.89999389648438,254.5299072265625,27564496
2024-07-16 15:30:00,254.5050048828125,257.4800109863281,254.25999450683594,255.989501953125,27188700
2024-07-16 16:00:00,255.97999572753906,257.3699951171875,255.64999389648438,256.44000244140625,8311100
2024-07-17 11:30:00,254.72000122070312,258.4700012207031,248.70089721679688,250.02000427246094,54142041
2024-07-17 13:30:00,249.98370361328125,250.3498992919922,246.5500030517578,249.89999389648438,27357764
2024-07-17 15:30:00,249.89999389648438,250.8000030517578,246.1820068359375,248.889892578125,21160426
2024-07-17 16:00:00,248.8000946044922,249.3000030517578,246.89439392089844,248.49000549316406,7465528
2024-07-18 11:30:00,251.86000061035156,255.64999389648438,247.1999969482422,253.52830505371094,48550060
2024-07-18 13:30:00,253.52499389648438,257.1400146484375,251.6199951171875,255.95640563964844,23651055
2024-07-18 15:30:00,255.9799041748047,256.42999267578125,247.44000244140625,248.61000061035156,25628853
2024-07-18 16:00:00,248.58999633789062,250.47999572753906,247.77999877929688,249.27999877929688,7724123
2024-07-19 11:30:00,247.7209930419922,249.00999450683594,240.1199951171875,240.28460693359375,40608485
2024-07-19 13:30:00,240.26010131835938,241.3000030517578,236.8350067138672,239.27000427246094,22064419
2024-07-19 15:30:00,239.24000549316406,241.1999969482422,238.3800048828125,240.52999877929688,14647749
2024-07-19 16:00:00,240.56500244140625,240.73739624023438,238.41000366210938,239.25999450683594,5800945
2024-07-22 11:30:00,244.21249389648438,251.57000732421875,243.75,246.33999633789062,45624791
2024-07-22 13:30:00,246.36500549316406,251.22000122070312,246.16000366210938,250.96499633789062,20991895
2024-07-22 15:30:00,250.97000122070312,253.20989990234375,250.63999938964844,251.94500732421875,20867769
2024-07-22 16:00:00,251.94000244140625,252.7899932861328,251.2895965576172,251.69000244140625,7550706
2024-07-23 11:30:00,253.4499969482422,255.7593994140625,245.6300048828125,249.0800018310547,45767453
2024-07-23 13:30:00,249.0500030517578,249.9199981689453,246.02000427246094,247.50010681152344,19669039
2024-07-23 15:30:00,247.3800048828125,249.4499969482422,246.9300994873047,249.3699951171875,15002119
2024-07-23 16:00:00,249.34500122070312,249.41000366210938,246.32000732421875,246.37899780273438,8562799
2024-07-24 11:30:00,225.39999389648438,225.99000549316406,214.7100067138672,218.0137939453125,85478327
2024-07-24 13:30:00,218.03500366210938,222.63999938964844,218.01010131835938,220.77000427246094,35531615
2024-07-24 15:30:00,220.77999877929688,221.60000610351562,217.77000427246094,217.8000946044922,22336539
2024-07-24 16:00:00,217.7899932861328,219.22000122070312,215.5,215.5,12492984
2024-07-25 11:30:00,216.7949981689453,224.97999572753906,216.2310028076172,222.60009765625,54498616
2024-07-25 13:30:00,222.69000244140625,225.99000549316406,221.5,223.8000030517578,18320548
2024-07-25 15:30:00,223.7700958251953,225.82000732421875,222.3101043701172,224.2301025390625,15326139
2024-07-25 16:00:00,224.22999572753906,224.80999755859375,220.1699981689453,220.25,7546012
2024-07-26 11:30:00,221.19000244140625,222.2799072265625,215.33999633789062,216.51669311523438,42563276
2024-07-26 13:30:00,216.49000549316406,222.1300048828125,216.49000549316406,221.90499877929688,21623631
2024-07-26 15:30:00,221.89149475097656,222.18569946289062,218.9199981689453,220.25010681152344,19953202
2024-07-26 16:00:00,220.3195037841797,220.4958953857422,219.1199951171875,219.9600067138672,5844514
2024-07-29 11:30:00,224.9980010986328,234.27000427246094,224.8699951171875,229.322998046875,61886826
2024-07-29 13:30:00,229.3101043701172,233.99000549316406,227.08999633789062,231.1750030517578,32193087
2024-07-29 15:30:00,231.1300048828125,232.9600067138672,229.22000122070312,230.5,21733234
2024-07-29 16:00:00,230.49000549316406,232.69000244140625,230.30999755859375,232.1300048828125,7883344
2024-07-30 11:30:00,232.11000061035156,232.41000366210938,226.24000549316406,226.70989990234375,43344839
2024-07-30 13:30:00,226.656494140625,226.9600067138672,220.00999450683594,223.22000122070312,25420591
2024-07-30 15:30:00,223.22509765625,224.25,220.67999267578125,221.22999572753906,17325759
2024-07-30 16:00:00,221.26499938964844,224.1699981689453,220.4499969482422,222.5,8918631
2024-07-31 11:30:00,227.9199981689453,234.67999267578125,226.78750610351562,231.7469940185547,34207727
2024-07-31 13:30:00,231.76820373535156,232.25,230.6999969482422,231.00999450683594,8884121
2024-07-31 15:30:00,231.02000427246094,233.4499969482422,229.24000549316406,231.2050018310547,13204656
2024-07-31 16:00:00,231.22999572753906,232.99000549316406,230.82000732421875,232.10000610351562,5073957
2024-08-01 11:30:00,227.67999267578125,231.86700439453125,223.82679748535156,224.9398956298828,31356462
2024-08-01 13:30:00,224.91000366210938,225.25999450683594,219.5200958251953,219.77999877929688,16369899
2024-08-01 15:30:00,219.82000732421875,220.58999633789062,214.33279418945312,216.4600067138672,21748759
2024-08-01 16:00:00,216.4499969482422,217.4600067138672,215.52000427246094,216.75999450683594,7453786
2024-08-02 11:30:00,214.5,216.1300048828125,207.1999969482422,208.9600067138672,38204721
2024-08-02 13:30:00,208.97000122070312,211.92990112304688,207.5,207.5126953125,17180641
2024-08-02 15:30:00,207.49000549316406,208.9499969482422,205.8000030517578,206.86000061035156,13924389
2024-08-02 16:00:00,206.85000610351562,208.07000732421875,205.77999877929688,207.60000610351562,7248617
2024-08-05 11:30:00,182.0,203.87989807128906,182.0,201.41000366210938,55792780
2024-08-05 13:30:00,201.39500427246094,202.9384002685547,198.75999450683594,199.88760375976562,17306477
2024-08-05 15:30:00,199.9199981689453,201.7299041748047,196.0,198.23060607910156,14294329
2024-08-05 16:00:00,198.22000122070312,199.30999755859375,197.07000732421875,198.8699951171875,5550463
2024-08-06 11:30:00,199.64500427246094,200.7899932861328,192.6699981689453,195.12010192871094,34725843
2024-08-06 13:30:00,195.14999389648438,202.0800018310547,195.1199951171875,201.56500244140625,16453324
2024-08-06 15:30:00,201.58999633789062,202.89999389648438,199.5,201.13499450683594,12830112
2024-08-06 16:00:00,201.14999389648438,201.8699951171875,200.02999877929688,200.36000061035156,5632714
2024-08-07 11:30:00,200.85000610351562,203.49000549316406,197.17100524902344,198.88999938964844,29399925
2024-08-07 13:30:00,198.91009521484375,199.57000732421875,195.22999572753906,195.86000061035156,13078918
2024-08-07 15:30:00,195.8300018310547,196.86000061035156,191.86000061035156,193.2949981689453,16989456
2024-08-07 16:00:00,193.27000427246094,193.8000030517578,191.47999572753906,191.69000244140625,5648987
2024-08-08 11:30:00,195.6999969482422,199.4586944580078,192.0399932861328,198.75990295410156,29205757
2024-08-08 13:30:00,198.80999755859375,199.9499969482422,196.47000122070312,199.92999267578125,12945550
2024-08-08 15:30:00,199.94000244140625,200.6999969482422,197.92010498046875,198.12989807128906,12862530
2024-08-08 16:00:00,198.13999938964844,199.44000244140625,197.63999938964844,199.01739501953125,5335514
2024-08-09 11:30:00,197.02000427246094,200.08999633789062,195.11000061035156,197.74000549316406,29320741
2024-08-09 13:30:00,197.74000549316406,200.23989868164062,196.36000061035156,200.2373046875,10704751
2024-08-09 15:30:00,200.22300720214844,200.8800048828125,199.16000366210938,199.6300048828125,12275766
2024-08-09 16:00:00,199.61000061035156,200.14999389648438,199.39999389648438,200.02999877929688,3791396
2024-08-12 11:30:00,199.02000427246094,199.0850067138672,194.6750030517578,196.6199951171875,29248525
2024-08-12 13:30:00,196.52000427246094,197.99000549316406,194.77999877929688,197.42999267578125,14468101
2024-08-12 15:30:00,197.42999267578125,198.8300018310547,197.02000427246094,197.67999267578125,10533297
2024-08-12 16:00:00,197.6999969482422,198.25999450683594,197.07000732421875,197.47999572753906,3796183
2024-08-13 11:30:00,198.77000427246094,206.59019470214844,197.05999755859375,205.32000732421875,37306804
2024-08-13 13:30:00,205.32000732421875,208.49000549316406,204.25,207.52000427246094,15154063
2024-08-13 15:30:00,207.52999877929688,207.6199951171875,205.77999877929688,206.83009338378906,12902102
2024-08-13 16:00:00,206.83999633789062,208.4199981689453,206.76499938964844,207.92999267578125,6117019
2024-08-14 11:30:00,208.0399932861328,208.4398956298828,199.80999755859375,202.07000732421875,33797935
2024-08-14 13:30:00,202.0800018310547,203.33999633789062,198.75,200.72000122070312,16744409
2024-08-14 15:30:00,200.7100067138672,200.9600067138672,199.6999969482422,200.24989318847656,11016785
2024-08-14 16:00:00,200.25010681152344,201.66000366210938,199.91000366210938,201.35000610351562,4611828
2024-08-15 11:30:00,205.02000427246094,215.7899932861328,204.82000732421875,213.92999267578125,47543643
2024-08-15 13:30:00,213.9499969482422,214.50999450683594,212.86000061035156,213.9250030517578,15289031
2024-08-15 15:30:00,213.94000244140625,215.8800048828125,213.50999450683594,213.97000122070312,15267918
2024-08-15 16:00:00,213.97999572753906,215.05990600585938,213.6999969482422,214.13999938964844,6262977
2024-08-16 11:30:00,211.1199951171875,219.8000030517578,210.8000030517578,214.72000122070312,46463554
2024-08-16 13:30:00,214.72999572753906,217.66000366210938,214.3300018310547,217.63999938964844,16426688
2024-08-16 15:30:00,217.61000061035156,218.05999755859375,215.57000732421875,216.47000122070312,18627610
2024-08-16 16:00:00,216.4571990966797,216.68499755859375,215.956298828125,216.1199951171875,4610742
2024-08-19 11:30:00,219.34410095214844,222.3800048828125,214.08999633789062,220.06500244140625,43303433
2024-08-19 13:30:00,220.07000732421875,221.62750244140625,219.52999877929688,220.8300018310547,12039377
2024-08-19 15:30:00,220.85000610351562,222.91990661621094,220.39999389648438,222.8699951171875,11771451
2024-08-19 16:00:00,222.8800048828125,222.97999572753906,222.2100067138672,222.83999633789062,4509379
2024-08-20 11:30:00,224.8800048828125,228.22000122070312,219.55999755859375,221.41000366210938,42887615
2024-08-20 13:30:00,221.37010192871094,223.42999267578125,220.07000732421875,221.02000427246094,13775063
2024-08-20 15:30:00,221.05999755859375,222.14920043945312,220.5800018310547,221.5590057373047,10150311
2024-08-20 16:00:00,221.5500946044922,222.4600067138672,221.00799560546875,221.10000610351562,3876541
2024-08-21 11:30:00,222.64999389648438,224.65939331054688,218.86000061035156,221.39010620117188,36295454
2024-08-21 13:30:00,221.41000366210938,222.4499053955078,219.30999755859375,221.9597930908203,12960437
2024-08-21 15:30:00,221.99899291992188,223.99000549316406,221.55499267578125,222.28500366210938,14436292
2024-08-21 16:00:00,222.2899932861328,223.39999389648438,222.05999755859375,223.22000122070312,3602472
2024-08-22 11:30:00,223.80999755859375,224.8000030517578,217.5,218.33999633789062,31765321
2024-08-22 13:30:00,218.3459930419922,218.42999267578125,215.52000427246094,215.66529846191406,16811082
2024-08-22 15:30:00,215.6300048828125,215.80990600585938,212.75999450683594,212.8300018310547,15444328
2024-08-22 16:00:00,212.83999633789062,213.1699981689453,210.32000732421875,210.66000366210938,8267063
2024-08-23 11:30:00,214.4550018310547,221.47000122070312,214.2100067138672,218.69500732421875,41158390
2024-08-23 13:30:00,218.72000122070312,219.5500030517578,215.6699981689453,218.78160095214844,16311923
2024-08-23 15:30:00,218.8079071044922,220.64999389648438,218.6699981689453,220.60000610351562,12455695
2024-08-23 16:00:00,220.5800018310547,220.88499450683594,219.75,220.2899932861328,5556601
2024-08-26 11:30:00,218.67999267578125,219.08999633789062,211.58999633789062,213.50010681152344,29909487
2024-08-26 13:30:00,213.5,214.36000061035156,212.10000610351562,212.75999450683594,10534226
2024-08-26 15:30:00,212.7899932861328,213.27999877929688,211.00999450683594,212.84230041503906,11101307
2024-08-26 16:00:00,212.83999633789062,213.4499053955078,212.1999969482422,213.22999572753906,4318891
2024-08-27 11:30:00,213.22000122070312,215.64999389648438,206.94009399414062,209.3300018310547,35656217
2024-08-27 13:30:00,209.35000610351562,210.45559692382812,208.45339965820312,210.13999938964844,11656149
2024-08-27 15:30:00,210.13999938964844,210.5399932861328,209.05999755859375,210.00999450683594,8191207
2024-08-27 16:00:00,209.99000549316406,210.25999450683594,209.08999633789062,209.1199951171875,3554501
2024-08-28 11:30:00,209.8280029296875,211.83999633789062,204.27000427246094,205.1999969482422,29261770
2024-08-28 13:30:00,205.19000244140625,207.10000610351562,204.1999969482422,206.0054931640625,10101845
2024-08-28 15:30:00,206.00999450683594,206.22000122070312,202.58999633789062,205.4199981689453,15834861
2024-08-28 16:00:00,205.38999938964844,206.08560180664062,204.9499969482422,205.5500030517578,4681982
2024-08-29 11:30:00,209.5850067138672,214.88999938964844,209.07000732421875,209.9499969482422,31670436
2024-08-29 13:30:00,209.9300994873047,212.75999450683594,209.8800048828125,211.6999969482422,9212357
2024-08-29 15:30:00,211.6999969482422,212.67999267578125,206.41000366210938,207.32000732421875,13998239
2024-08-29 16:00:00,207.35000610351562,208.07989501953125,205.97219848632812,206.28250122070312,4592002
2024-08-30 11:30:00,208.6300048828125,210.8300018310547,207.02999877929688,209.63999938964844,25508837
2024-08-30 13:30:00,209.58999633789062,210.7698974609375,208.49000549316406,210.4774932861328,11728889
2024-08-30 15:30:00,210.47000122070312,212.6199951171875,210.4499969482422,212.30599975585938,13129880
2024-08-30 16:00:00,212.3300018310547,214.57009887695312,211.78359985351562,214.0980987548828,6916235
2024-09-03 11:30:00,216.375,219.89999389648438,212.5308074951172,213.39999389648438,41017032
2024-09-03 13:30:00,213.39500427246094,215.67999267578125,213.27000427246094,215.06900024414062,11545757
2024-09-03 15:30:00,215.07000732421875,215.11990356445312,210.42999267578125,211.47999572753906,13677839
2024-09-03 16:00:00,211.4600067138672,211.63999938964844,209.64010620117188,210.63999938964844,5605503
2024-09-04 11:30:00,210.75999450683594,221.3300018310547,210.6199951171875,219.80999755859375,42191631
2024-09-04 13:30:00,219.81500244140625,222.22000122070312,218.51600646972656,220.9550018310547,16514660
2024-09-04 15:30:00,220.91000366210938,221.58999633789062,217.5399932861328,218.58999633789062,12685076
2024-09-04 16:00:00,218.58999633789062,220.4250030517578,217.83250427246094,219.4499969482422,5327801
2024-09-05 11:30:00,223.49000549316406,234.99000549316406,222.25,227.66000366210938,60919900
2024-09-05 13:30:00,227.62600708007812,230.57989501953125,225.6199951171875,227.47000122070312,27939552
2024-09-05 15:30:00,227.47999572753906,231.25990295410156,227.30999755859375,229.27859497070312,18650343
2024-09-05 16:00:00,229.2799072265625,230.19000244140625,228.52000427246094,230.17999267578125,6982518
2024-09-06 11:30:00,232.63999938964844,233.60000610351562,216.4506072998047,216.83009338378906,56732272
2024-09-06 13:30:00,216.8699951171875,217.8699951171875,214.30999755859375,215.87989807128906,20099375
2024-09-06 15:30:00,215.88499450683594,216.18960571289062,213.1300048828125,213.610107421875,16738504
2024-09-06 16:00:00,213.66000366210938,213.66000366210938,210.55999755859375,210.7100067138672,9264732
2024-09-09 11:30:00,216.10000610351562,219.8699951171875,213.67999267578125,215.61000061035156,36103341
2024-09-09 13:30:00,215.60000610351562,218.83999633789062,214.99009704589844,217.71499633789062,12135023
2024-09-09 15:30:00,217.72000122070312,217.7899932861328,215.38499450683594,216.4199981689453,10325384
2024-09-09 16:00:00,216.43389892578125,217.17999267578125,216.1699981689453,216.47999572753906,4274786
2024-09-10 11:30:00,220.0,226.39999389648438,219.10000610351562,223.74989318847656,38925044
2024-09-10 13:30:00,223.72999572753906,223.9799041748047,218.6376953125,221.01400756835938,16649271
2024-09-10 15:30:00,221.0,224.82000732421875,220.9801025390625,224.74000549316406,12295200
2024-09-10 16:00:00,224.66000366210938,226.3699951171875,224.25,226.1300048828125,6700484
2024-09-11 11:30:00,224.42999267578125,224.4499969482422,216.80029296875,220.02000427246094,37986944
2024-09-11 13:30:00,220.00999450683594,223.77000427246094,219.8699951171875,223.0299072265625,17154381
2024-09-11 15:30:00,223.17160034179688,227.14999389648438,222.82000732421875,226.72000122070312,17041176
2024-09-11 16:00:00,226.7100067138672,228.41000366210938,226.20010375976562,228.08999633789062,7152150
2024-09-12 11:30:00,224.6300048828125,231.4499969482422,223.8300018310547,228.1300048828125,38252037
2024-09-12 13:30:00,228.13999938964844,230.63999938964844,226.6999969482422,230.16000366210938,12666940
2024-09-12 15:30:00,230.19000244140625,230.77999877929688,227.35000610351562,229.7899932861328,13340845
2024-09-12 16:00:00,229.7899932861328,230.23989868164062,228.82000732421875,229.8300018310547,4539182
2024-09-13 11:30:00,227.9499969482422,232.66400146484375,226.5500030517578,230.64500427246094,30368534
2024-09-13 13:30:00,230.63380432128906,230.95989990234375,227.42999267578125,229.16119384765625,11510936
2024-09-13 15:30:00,229.14999389648438,230.20640563964844,228.45199584960938,229.61500549316406,9736435
2024-09-13 16:00:00,229.61000061035156,230.38999938964844,229.58839416503906,230.27000427246094,4702045
2024-09-16 11:30:00,229.25,229.7899932861328,223.52999877929688,229.125,26808057
2024-09-16 13:30:00,229.13999938964844,229.9499969482422,226.07000732421875,226.69000244140625,12555591
2024-09-16 15:30:00,226.69500732421875,228.4499969482422,226.3300018310547,227.73500061035156,8904404
2024-09-16 16:00:00,227.68499755859375,227.92999267578125,226.63999938964844,226.74600219726562,3399798
2024-09-17 11:30:00,229.5,234.57000732421875,229.41000366210938,231.97500610351562,34511333
2024-09-17 13:30:00,231.96200561523438,232.67999267578125,228.39999389648438,229.60000610351562,13518799
2024-09-17 15:30:00,229.59039306640625,230.0399932861328,226.5532989501953,228.05999755859375,11263439
2024-09-17 16:00:00,228.0399932861328,228.42999267578125,227.52999877929688,227.88999938964844,3758499
2024-09-18 11:30:00,230.08999633789062,231.74000549316406,227.14999389648438,228.22999572753906,23937611
2024-09-18 13:30:00,228.22999572753906,230.44000244140625,226.8800048828125,230.14010620117188,11853189
2024-09-18 15:30:00,230.16000366210938,235.67999267578125,228.1999969482422,231.13499450683594,31369423
2024-09-18 16:00:00,231.2100067138672,231.81759643554688,227.0,227.1699981689453,7027035
2024-09-19 11:30:00,233.99000549316406,242.1699981689453,232.13999938964844,241.77000427246094,47352246
2024-09-19 13:30:00,241.7899932861328,243.97000122070312,241.72999572753906,243.32009887695312,22609731
2024-09-19 15:30:00,243.26690673828125,244.24000549316406,241.75,242.83999633789062,17707034
2024-09-19 16:00:00,242.84500122070312,244.0,242.22999572753906,243.85000610351562,7799629
2024-09-20 11:30:00,241.52000427246094,243.99000549316406,235.9199981689453,238.1300048828125,41847739
2024-09-20 13:30:00,238.13999938964844,240.74000549316406,237.88999938964844,238.2100067138672,19157681
2024-09-20 15:30:00,238.19500732421875,240.19000244140625,237.4600067138672,239.9199981689453,12077562
2024-09-20 16:00:00,239.8800048828125,240.639892578125,237.80999755859375,238.25999450683594,6503656
2024-09-23 11:30:00,242.63999938964844,249.41000366210938,241.9199981689453,248.22999572753906,42345300
2024-09-23 13:30:00,248.22500610351562,249.99000549316406,247.2100067138672,247.69500732421875,17428247
2024-09-23 15:30:00,247.64999389648438,249.72000122070312,247.44000244140625,249.26170349121094,12179527
2024-09-23 16:00:00,249.25999450683594,250.0,248.8751983642578,250.0,6683879
2024-09-24 11:30:00,254.14999389648438,257.19000244140625,249.0500946044922,253.4600067138672,53243031
2024-09-24 13:30:00,253.49659729003906,253.56500244140625,251.17010498046875,252.42999267578125,13144379
2024-09-24 15:30:00,252.44000244140625,253.23350524902344,251.72000122070312,252.56500244140625,9532827
2024-09-24 16:00:00,252.58999633789062,254.53990173339844,252.4499969482422,254.3800048828125,5222841
2024-09-25 11:30:00,252.5399932861328,256.4198913574219,252.27999877929688,254.02999877929688,32921599
2024-09-25 13:30:00,254.00999450683594,256.909912109375,253.91000366210938,256.110107421875,14547499
2024-09-25 15:30:00,256.135009765625,256.5400085449219,255.02999877929688,256.2257080078125,8911059
2024-09-25 16:00:00,256.2200012207031,257.04998779296875,255.82000732421875,256.989990234375,4492211
2024-09-26 11:30:00,260.67999267578125,261.75,251.52999877929688,254.2899932861328,39573233
2024-09-26 13:30:00,254.2899932861328,255.88999938964844,252.4199981689453,253.28500366210938,11438001
2024-09-26 15:30:00,253.27999877929688,254.75,252.58999633789062,253.74270629882812,8653282
2024-09-26 16:00:00,253.72999572753906,254.33999633789062,253.19000244140625,254.1699981689453,3156281
2024-09-27 11:30:00,257.375,259.3799133300781,254.1199951171875,256.7799072265625,28595402
2024-09-27 13:30:00,256.74560546875,259.8699951171875,256.3973083496094,258.7900085449219,17631721
2024-09-27 15:30:00,258.7699890136719,260.69989013671875,258.1499938964844,260.639892578125,13502191
2024-09-27 16:00:00,260.6199951171875,260.69000244140625,259.81500244140625,260.4649963378906,5404942
2024-09-30 11:30:00,259.0,264.8599853515625,256.80999755859375,259.489990234375,41131636
2024-09-30 13:30:00,259.70001220703125,261.4800109863281,258.2300109863281,258.5199890136719,13461734
2024-09-30 15:30:00,258.4877014160156,260.29998779296875,255.77000427246094,258.7200012207031,14597078
2024-09-30 16:00:00,258.6600036621094,261.8699951171875,258.25518798828125,261.6050109863281,6621084
2024-10-01 11:30:00,262.7149963378906,263.9800109863281,248.52999877929688,252.24000549316406,42512306
2024-10-01 13:30:00,252.24000549316406,255.8365020751953,251.8007049560547,253.0800018310547,16792845
2024-10-01 15:30:00,253.05999755859375,259.1499938964844,253.0283966064453,258.0871887207031,18495617
2024-10-01 16:00:00,258.07000732421875,258.1300048828125,256.6300048828125,258.010009765625,5730920
2024-10-02 11:30:00,247.52999877929688,250.77000427246094,241.5,248.72999572753906,53049432
2024-10-02 13:30:00,248.7790985107422,251.1584930419922,247.14999389648438,248.5800018310547,19334178
2024-10-02 15:30:00,248.5500030517578,250.02999877929688,247.3101043701172,249.96009826660156,12595566
2024-10-02 16:00:00,249.97000122070312,250.07899475097656,247.89999389648438,248.98219299316406,5282195
2024-10-03 11:30:00,245.6999969482422,249.7899932861328,242.77999877929688,243.6291961669922,34517955
2024-10-03 13:30:00,243.61000061035156,244.74989318847656,238.91000366210938,240.24989318847656,19921287
2024-10-03 15:30:00,240.17630004882812,240.7899932861328,237.8300018310547,238.92239379882812,16012239
2024-10-03 16:00:00,238.8699951171875,241.16000366210938,238.8300018310547,240.6999969482422,5814880
2024-10-04 11:30:00,246.6999969482422,250.9600067138672,244.5800018310547,247.75,44405470
2024-10-04 13:30:00,247.74000549316406,249.23989868164062,244.6300048828125,248.64999389648438,20409623
2024-10-04 15:30:00,248.64999389648438,249.9600067138672,248.023193359375,249.89999389648438,11871576
2024-10-04 16:00:00,249.91000366210938,250.2799072265625,249.6199951171875,249.97999572753906,5204598
2024-10-07 11:30:00,248.80999755859375,249.08999633789062,242.52000427246094,244.21499633789062,33295348
2024-10-07 13:30:00,244.18780517578125,245.5500030517578,243.91000366210938,243.9499969482422,9943288
2024-10-07 15:30:00,243.86500549316406,244.3699951171875,240.97500610351562,241.74000549316406,12981867
2024-10-07 16:00:00,241.77999877929688,241.9499053955078,240.72000122070312,240.83999633789062,5332823
2024-10-08 11:30:00,243.76499938964844,246.2100067138672,240.57000732421875,243.88999938964844,28036128
2024-10-08 13:30:00,243.86599731445312,245.75,243.6999969482422,244.31300354003906,12170177
2024-10-08 15:30:00,244.31500244140625,245.49000549316406,244.07009887695312,244.4499969482422,7890302
2024-10-08 16:00:00,244.4320068359375,245.42999267578125,244.2899932861328,244.5500030517578,3517557
2024-10-09 11:30:00,244.19830322265625,247.42999267578125,239.50999450683594,244.27239990234375,33665690
2024-10-09 13:30:00,244.30419921875,245.44000244140625,242.8000030517578,244.31039428710938,12430984
2024-10-09 15:30:00,244.3000030517578,244.52999877929688,241.13009643554688,241.47999572753906,13310500
2024-10-09 16:00:00,241.5500030517578,242.22000122070312,241.0,241.02999877929688,4324251
2024-10-10 11:30:00,241.80999755859375,242.3300018310547,232.33999633789062,238.91250610351562,43914185
2024-10-10 13:30:00,238.8699951171875,242.78990173339844,238.1999969482422,241.8000030517578,17565336
2024-10-10 15:30:00,241.79490661621094,242.42999267578125,240.10000610351562,240.92999267578125,11882618
2024-10-10 16:00:00,240.93499755859375,241.0500030517578,238.25,238.74000549316406,6562096
2024-10-11 11:30:00,219.3874969482422,223.33999633789062,214.39999389648438,219.57000732421875,84792784
2024-10-11 13:30:00,219.5800018310547,220.94000244140625,218.5,220.00469970703125,20567472
2024-10-11 15:30:00,220.00999450683594,220.35000610351562,218.44009399414062,218.97689819335938,15975990
2024-10-11 16:00:00,218.9600067138672,218.97000122070312,217.2519073486328,217.69009399414062,11839411
2024-10-14 11:30:00,220.15499877929688,221.91000366210938,213.74000549316406,218.5399932861328,55095299
2024-10-14 13:30:00,218.51559448242188,220.37989807128906,218.25100708007812,219.2899932861328,12905974
2024-10-14 15:30:00,219.27999877929688,220.0,218.360107421875,218.96499633789062,9846837
2024-10-14 16:00:00,218.9600067138672,219.60989379882812,218.72000122070312,219.1501007080078,4912280
2024-10-15 11:30:00,220.0,224.25999450683594,217.1199951171875,219.98800659179688,38553640
2024-10-15 13:30:00,219.9499969482422,221.27000427246094,219.16000366210938,219.8260040283203,10033505
2024-10-15 15:30:00,219.80999755859375,220.58999633789062,218.9499969482422,219.39999389648438,7082424
2024-10-15 16:00:00,219.44000244140625,219.6699981689453,218.75999450683594,219.6699981689453,3473042
2024-10-16 11:30:00,221.39999389648438,222.8199005126953,218.92999267578125,219.88290405273438,27114460
2024-10-16 13:30:00,219.8820037841797,221.41000366210938,219.00999450683594,221.0,9580189
2024-10-16 15:30:00,221.00100708007812,222.22000122070312,220.5800018310547,221.47000122070312,7728430
2024-10-16 16:00:00,221.46389770507812,221.77999877929688,221.13999938964844,221.36000061035156,2810027
2024-10-17 11:30:00,221.38999938964844,221.5800018310547,217.89999389648438,219.52000427246094,24619657
2024-10-17 13:30:00,219.5399932861328,221.12989807128906,219.05999755859375,221.08070373535156,8539889
2024-10-17 15:30:00,221.0511932373047,222.0800018310547,219.8800048828125,220.0500030517578,10452240
2024-10-17 16:00:00,220.07000732421875,221.05999755859375,219.66000366210938,220.88999938964844,3380388
2024-10-18 11:30:00,220.72000122070312,222.27999877929688,219.22999572753906,221.88400268554688,28258936
2024-10-18 13:30:00,221.88999938964844,222.0,220.63999938964844,220.94500732421875,7931131
2024-10-18 15:30:00,220.94979858398438,222.17999267578125,220.83999633789062,221.49000549316406,7313610
2024-10-18 16:00:00,221.49000549316406,221.49000549316406,220.44000244140625,220.71499633789062,3639006
2024-10-21 11:30:00,218.89999389648438,220.47999572753906,215.7259979248047,217.77999877929688,27396612
2024-10-21 13:30:00,217.74000549316406,219.0,217.71670532226562,218.2100067138672,7221709
2024-10-21 15:30:00,218.2100067138672,218.33999633789062,216.94000244140625,217.86000061035156,7163287
2024-10-21 16:00:00,217.84010314941406,218.9600067138672,217.51010131835938,218.89999389648438,3389574
2024-10-22 11:30:00,217.0635986328125,217.85000610351562,215.5500030517578,216.27999877929688,21166485
2024-10-22 13:30:00,216.3000030517578,216.83999633789062,215.25999450683594,216.6999969482422,8951542
2024-10-22 15:30:00,216.6840057373047,218.1396026611328,216.39439392089844,217.85499572753906,7854799
2024-10-22 16:00:00,217.85000610351562,218.1999969482422,217.52000427246094,217.91000366210938,2966370
2024-10-23 11:30:00,217.0749969482422,218.72000122070312,214.6999969482422,214.77200317382812,22203484
2024-10-23 13:30:00,214.77000427246094,215.939697265625,212.89999389648438,213.3800048828125,10534997
2024-10-23 15:30:00,213.3800048828125,213.9600067138672,212.11000061035156,213.66990661621094,12338199
2024-10-23 16:00:00,213.67999267578125,214.74000549316406,213.52000427246094,213.55999755859375,5445301
2024-10-24 11:30:00,244.60000610351562,254.28509521484375,242.64999389648438,254.1136932373047,98653936
2024-10-24 13:30:00,254.11000061035156,257.989990234375,252.27999877929688,256.8999938964844,40237873
2024-10-24 15:30:00,256.9100036621094,260.3399963378906,256.40008544921875,259.9200134277344,32970582
2024-10-24 16:00:00,259.9200134277344,262.1199035644531,259.6000061035156,260.5400085449219,18507161
2024-10-25 11:30:00,257.7300109863281,269.44000244140625,255.32000732421875,266.75799560546875,87990186
2024-10-25 13:30:00,266.7900085449219,269.1400146484375,265.2099914550781,267.1700134277344,29354771
2024-10-25 15:30:00,267.1700134277344,268.05999755859375,264.55999755859375,267.55999755859375,26276738
2024-10-25 16:00:00,267.510009765625,269.489990234375,267.2799987792969,269.110107421875,11250439
2024-10-28 11:30:00,269.25,273.5360107421875,266.010009765625,272.0,49618566
2024-10-28 13:30:00,272.05499267578125,272.25,267.7200012207031,269.239990234375,20877216
2024-10-28 15:30:00,269.2900085449219,269.75,263.5299987792969,264.4200134277344,20071183
2024-10-28 16:00:00,264.44000244140625,264.79998779296875,262.239990234375,262.6600036621094,7921676
2024-10-29 11:30:00,263.3399963378906,264.33599853515625,257.42999267578125,259.8800048828125,38756303
2024-10-29 13:30:00,259.8699951171875,259.989990234375,255.50999450683594,258.59149169921875,20938089
2024-10-29 15:30:00,258.6000061035156,259.739990234375,257.70001220703125,259.24029541015625,11609753
2024-10-29 16:00:00,259.2300109863281,259.8500061035156,258.0400085449219,259.3999938964844,4711000
2024-10-30 11:30:00,258.0350036621094,263.3500061035156,255.82009887695312,262.8599853515625,26786663
2024-10-30 13:30:00,262.8800048828125,263.30999755859375,260.3900146484375,262.3399963378906,10422398
2024-10-30 15:30:00,262.385009765625,262.8627014160156,259.0,259.5784912109375,8684315
2024-10-30 16:00:00,259.55999755859375,259.69000244140625,257.3900146484375,257.6499938964844,4722454
2024-10-31 11:30:00,258.0199890136719,259.75,250.67999267578125,251.7899932861328,29836687
2024-10-31 13:30:00,251.77000427246094,253.64999389648438,251.0,252.635498046875,12545701
2024-10-31 15:30:00,252.58999633789062,252.81410217285156,249.27999877929688,250.3101043701172,12305588
2024-10-31 16:00:00,250.32000732421875,251.5800018310547,249.4040069580078,249.7799072265625,4350029
2024-11-01 11:30:00,252.04299926757812,254.0,249.66000366210938,252.6199951171875,22797760
2024-11-01 13:30:00,252.6320037841797,252.99000549316406,246.6300048828125,248.54550170898438,16589767
2024-11-01 15:30:00,248.51010131835938,249.5500030517578,246.81179809570312,249.16000366210938,9732426
2024-11-01 16:00:00,249.11500549316406,249.35989379882812,248.13999938964844,248.85000610351562,4040472
2024-11-04 11:30:00,244.55999755859375,248.89999389648438,238.8800048828125,246.02000427246094,35598145
2024-11-04 13:30:00,246.00689697265625,246.25999450683594,243.41000366210938,244.80990600585938,14934039
2024-11-04 15:30:00,244.80059814453125,245.2899932861328,242.77000427246094,243.38999938964844,9356558
2024-11-04 16:00:00,243.35000610351562,243.39340209960938,241.89999389648438,242.83009338378906,4533775
2024-11-05 11:30:00,247.39999389648438,253.49989318847656,246.36000061035156,251.9499969482422,31766125
2024-11-05 13:30:00,251.9499969482422,254.92999267578125,251.85000610351562,254.14999389648438,12633351
2024-11-05 15:30:00,254.19000244140625,255.2799072265625,251.3699951171875,252.1999969482422,12578466
2024-11-05 16:00:00,252.17999267578125,253.17999267578125,250.8300018310547,251.5,4887071
2024-11-06 11:30:00,283.06500244140625,289.5899963378906,275.6199951171875,284.5768127441406,96781412
2024-11-06 13:30:00,284.54998779296875,289.25,283.239990234375,289.2300109863281,25895838
2024-11-06 15:30:00,289.2099914550781,289.4200134277344,284.7572021484375,288.6549987792969,23404477
2024-11-06 16:00:00,288.65130615234375,289.418701171875,287.7200012207031,288.4700012207031,8385264
2024-11-07 11:30:00,288.5799865722656,298.3500061035156,285.5199890136719,297.6449890136719,55165124
2024-11-07 13:30:00,297.5400085449219,299.739990234375,295.29998779296875,296.8799133300781,24109871
2024-11-07 15:30:00,296.80999755859375,299.6600036621094,295.4700012207031,297.5716857910156,22898133
2024-11-07 16:00:00,297.5899963378906,299.0,296.67999267578125,296.75,7662936
2024-11-08 11:30:00,299.1600036621094,319.44000244140625,297.6600036621094,317.7300109863281,91881388
2024-11-08 13:30:00,317.760009765625,321.8399963378906,314.92010498046875,321.1000061035156,34608985
2024-11-08 15:30:00,321.0400085449219,328.70001220703125,316.70001220703125,319.0487060546875,56265082
2024-11-08 16:00:00,319.05999755859375,322.70001220703125,317.79010009765625,321.260009765625,12738949
2024-11-11 11:30:00,343.010009765625,357.5,336.510009765625,356.7936096191406,101564964
2024-11-11 13:30:00,356.7308044433594,358.6400146484375,336.0,340.6400146484375,51228285
2024-11-11 15:30:00,340.6099853515625,349.9100036621094,340.43011474609375,346.7648010253906,33702628
2024-11-11 16:00:00,346.7449951171875,350.760009765625,345.82000732421875,350.6231994628906,12455699
2024-11-12 11:30:00,339.2500915527344,345.8399963378906,335.29998779296875,340.4032897949219,65732547
2024-11-12 13:30:00,340.3832092285156,340.6492919921875,323.30999755859375,325.07000732421875,38721892
2024-11-12 15:30:00,325.07000732421875,334.17999267578125,325.0303955078125,328.3399963378906,30713675
2024-11-12 16:00:00,328.3999938964844,329.67999267578125,326.1099853515625,328.2300109863281,10202923
2024-11-13 11:30:00,337.1659851074219,344.59991455078125,322.5,328.9020080566406,70523861
2024-11-13 13:30:00,328.6549987792969,333.75,326.5799865722656,330.2799987792969,22544979
2024-11-13 15:30:00,330.2699890136719,330.7298889160156,324.2099914550781,329.0,18213949
2024-11-13 16:00:00,329.0,332.25,328.2500915527344,330.19000244140625,8949404
2024-11-14 11:30:00,327.6650085449219,329.9800109863281,316.2799987792969,320.2605895996094,47504173
2024-11-14 13:30:00,320.3500061035156,323.3999938964844,314.260009765625,314.58990478515625,27592178
2024-11-14 15:30:00,314.5199890136719,316.2699890136719,310.3699951171875,316.0497131347656,26847389
2024-11-14 16:00:00,316.07000732421875,316.25,310.3879089355469,311.17999267578125,10015968
2024-11-15 11:30:00,310.18011474609375,322.6000061035156,309.2200012207031,322.3299865722656,57361655
2024-11-15 13:30:00,322.3699951171875,324.6799011230469,316.739990234375,319.85009765625,28031033
2024-11-15 15:30:00,319.860107421875,321.6000061035156,316.489990234375,319.9302978515625,16857886
2024-11-15 16:00:00,320.0,322.07000732421875,318.6199951171875,320.8299865722656,6760851
2024-11-18 11:30:00,340.7200012207031,348.5498962402344,335.0299987792969,340.8599853515625,61473252
2024-11-18 13:30:00,340.9150085449219,344.59991455078125,337.79010009765625,338.9200134277344,23442481
2024-11-18 15:30:00,338.9200134277344,339.4599914550781,330.010009765625,336.11749267578125,25306483
2024-11-18 16:00:00,336.04998779296875,339.5,335.25,338.8699951171875,8047540
2024-11-19 11:30:00,335.42999267578125,347.3799133300781,332.75,344.8099060058594,45692785
2024-11-19 13:30:00,344.69000244140625,346.7598876953125,342.75,346.2200012207031,17036266
2024-11-19 15:30:00,346.2134094238281,346.3599853515625,341.0101013183594,344.45001220703125,17007709
2024-11-19 16:00:00,344.4549865722656,346.3699951171875,344.1000061035156,346.0,5225947
2024-11-20 11:30:00,345.0799865722656,346.59991455078125,334.29998779296875,335.1700134277344,32251394
2024-11-20 13:30:00,335.19989013671875,341.1300048828125,334.53009033203125,340.989990234375,13395195
2024-11-20 15:30:00,340.9700012207031,341.3800048828125,337.4200134277344,341.3399963378906,10005925
2024-11-20 16:00:00,341.3399963378906,342.70001220703125,339.8999938964844,341.94000244140625,5215486
2024-11-21 11:30:00,343.99969482421875,347.9898986816406,335.2799987792969,341.6852111816406,32628004
2024-11-21 13:30:00,341.69000244140625,344.6000061035156,338.82000732421875,343.4202880859375,11753807
2024-11-21 15:30:00,343.3500061035156,343.79998779296875,339.8500061035156,340.56878662109375,8110324
2024-11-21 16:00:00,340.6499938964844,340.6700134277344,338.1000061035156,339.54998779296875,3726938
2024-11-22 11:30:00,341.0849914550781,356.639892578125,337.70001220703125,354.260498046875,47303086
2024-11-22 13:30:00,354.26190185546875,355.75,351.4200134277344,351.4244079589844,18379954
2024-11-22 15:30:00,351.45001220703125,354.75,350.7300109863281,351.989990234375,12885255
2024-11-22 16:00:00,351.93499755859375,353.7799987792969,351.5,352.6000061035156,5566854
2024-11-25 11:30:00,360.5249938964844,361.9200134277344,347.65008544921875,353.7099914550781,42851952
2024-11-25 13:30:00,353.8800048828125,354.7453918457031,345.6199951171875,350.0111083984375,16874725
2024-11-25 15:30:00,350.04998779296875,350.9700012207031,344.56201171875,346.6700134277344,10080478
2024-11-25 16:00:00,346.6000061035156,347.44989013671875,338.20001220703125,338.44000244140625,9453909
2024-11-26 11:30:00,341.44500732421875,346.9599914550781,338.4700012207031,342.3599853515625,30173672
2024-11-26 13:30:00,342.3599853515625,345.3900146484375,341.3500061035156,342.9100036621094,10247458
2024-11-26 15:30:00,343.01361083984375,343.3999938964844,336.85009765625,338.0692138671875,12358086
2024-11-26 16:00:00,338.010009765625,338.6000061035156,335.6600036621094,338.25,4540067
2024-11-27 11:30:00,340.9375,341.489990234375,326.5899963378906,331.4104919433594,33027348
2024-11-27 13:30:00,331.3800048828125,333.36810302734375,329.3800048828125,331.7012023925781,10637030
2024-11-27 15:30:00,331.67999267578125,334.3800048828125,331.3699951171875,333.2296142578125,8126183
2024-11-27 16:00:00,333.20001220703125,333.5,332.0799865722656,332.7900085449219,2908255
2024-11-29 11:30:00,336.2300109863281,342.17999267578125,334.65008544921875,339.1564025878906,21232375
2024-11-29 13:30:00,339.17999267578125,341.2699890136719,338.60009765625,339.75,5332859
2024-12-02 11:30:00,352.5150146484375,358.7799987792969,351.15008544921875,352.2799987792969,36368589
2024-12-02 13:30:00,352.3800048828125,359.44000244140625,352.2200927734375,356.0398864746094,16645495
2024-12-02 15:30:00,355.99688720703125,359.29998779296875,355.3500061035156,359.14990234375,10564486
2024-12-02 16:00:00,359.17999267578125,360.0,356.20001220703125,357.0896911621094,6477717
2024-12-03 11:30:00,351.57501220703125,355.67999267578125,348.20001220703125,352.1405944824219,28384857
2024-12-03 13:30:00,352.0793151855469,352.3799133300781,348.7699890136719,349.07000732421875,11256348
2024-12-03 15:30:00,349.07000732421875,350.29998779296875,348.3999938964844,349.1099853515625,8433001
2024-12-03 16:00:00,349.05999755859375,351.6099853515625,348.2200012207031,351.3800048828125,4678868
2024-12-04 11:30:00,353.0400085449219,354.82000732421875,348.6000061035156,352.5400085449219,22517576
2024-12-04 13:30:00,352.5415954589844,353.0,350.5700988769531,352.19000244140625,7887726
2024-12-04 15:30:00,352.1099853515625,355.37640380859375,351.2106018066406,354.6600036621094,8757642
2024-12-04 16:00:00,354.62420654296875,358.1000061035156,354.2601013183594,357.92999267578125,5587388
2024-12-05 11:30:00,359.8699951171875,375.4100036621094,359.51019287109375,371.125,44945761
2024-12-05 13:30:00,371.1499938964844,373.3399963378906,368.16009521484375,369.2699890136719,13784657
2024-12-05 15:30:00,369.17999267578125,372.70001220703125,366.510009765625,369.6499938964844,13710418
2024-12-05 16:00:00,369.6578063964844,371.7099914550781,369.0,369.489990234375,4461613
2024-12-06 11:30:00,377.2699890136719,377.5199890136719,370.79998779296875,376.2200012207031,31799195
2024-12-06 13:30:00,376.29998779296875,376.6400146484375,373.0700988769531,376.1099853515625,11192810
2024-12-06 15:30:00,376.13330078125,383.2900085449219,375.60009765625,382.8999938964844,17013885
2024-12-06 16:00:00,382.8599853515625,389.489990234375,382.739990234375,389.3800048828125,13133052
2024-12-09 11:30:00,397.2500915527344,404.79998779296875,378.010009765625,383.07000732421875,56345205
2024-12-09 13:30:00,382.95001220703125,387.0400085449219,380.7500915527344,386.6499938964844,14331372
2024-12-09 15:30:00,386.6444091796875,387.85321044921875,382.5,382.9360046386719,12619740
2024-12-09 16:00:00,382.9700012207031,390.0,382.60009765625,389.8576965332031,7105069
2024-12-10 11:30:00,392.5,407.8179931640625,390.8500061035156,403.3399963378906,45221151
2024-12-10 13:30:00,403.3299865722656,409.19000244140625,400.5,408.0,20636133
2024-12-10 15:30:00,408.010009765625,409.72491455078125,399.5400085449219,403.7500915527344,19271439
2024-12-10 16:00:00,403.88861083984375,403.9800109863281,400.40008544921875,400.8800964355469,6449924
2024-12-11 11:30:00,409.79998779296875,413.9800109863281,402.3800048828125,412.6600036621094,41424332
2024-12-11 13:30:00,412.5899963378906,417.8500061035156,410.8500061035156,417.3594055175781,21169317
2024-12-11 15:30:00,417.3517150878906,420.69000244140625,415.1000061035156,419.92010498046875,21826848
2024-12-11 16:00:00,419.9200134277344,424.8800048828125,419.70001220703125,424.7950134277344,10471218
2024-12-12 11:30:00,424.8399963378906,429.2699890136719,416.7900085449219,424.0299987792969,46381482
2024-12-12 13:30:00,424.1499938964844,425.3800048828125,418.29998779296875,423.364990234375,14570161
2024-12-12 15:30:00,423.30999755859375,423.75,415.0,415.5450134277344,15635825
2024-12-12 16:00:00,415.5201110839844,421.0,415.5201110839844,417.6899108886719,6517800
2024-12-13 11:30:00,420.0,431.6000061035156,415.7099914550781,424.7892150878906,39924254
2024-12-13 13:30:00,424.8500061035156,429.70001220703125,424.1000061035156,428.6099853515625,14046629
2024-12-13 15:30:00,428.6098937988281,434.3500061035156,428.25,430.3800048828125,19059032
2024-12-13 16:00:00,430.3699951171875,436.29998779296875,429.4200134277344,436.19000244140625,8592526
2024-12-16 11:30:00,441.13250732421875,458.9700012207031,436.1499938964844,458.3900146484375,53915090
2024-12-16 13:30:00,458.3673095703125,461.45001220703125,454.1300964355469,459.2298889160156,23802856
2024-12-16 15:30:00,459.1099853515625,461.8399963378906,456.7699890136719,460.739990234375,16389032
2024-12-16 16:00:00,460.739990234375,463.19000244140625,457.6600036621094,463.19000244140625,8822583
2024-12-17 11:30:00,476.114990234375,483.989990234375,463.57000732421875,471.5950012207031,64889563
2024-12-17 13:30:00,471.6300048828125,476.2799987792969,457.5101013183594,474.00048828125,29006579
2024-12-17 15:30:00,474.0268859863281,479.8900146484375,469.0,477.34100341796875,18705954
2024-12-17 16:00:00,477.3999938964844,482.44989013671875,477.0299987792969,479.8500061035156,9189649
2024-12-18 11:30:00,466.3599853515625,480.8999938964844,461.1099853515625,480.2449951171875,42125384
2024-12-18 13:30:00,480.25,488.5398864746094,474.3554992675781,475.293212890625,24462120
2024-12-18 15:30:00,475.28009033203125,477.489990234375,437.3800048828125,437.8349914550781,42719229
2024-12-18 16:00:00,438.010009765625,448.1799011230469,427.0199890136719,440.1300048828125,23441133
2024-12-19 11:30:00,451.8599853515625,456.3599853515625,434.3999938964844,441.1000061035156,51993861
2024-12-19 13:30:00,440.9200134277344,441.7598876953125,420.0199890136719,433.9659118652344,32118741
2024-12-19 15:30:00,433.7200012207031,440.889892578125,429.3500061035156,438.9399108886719,20935306
2024-12-19 16:00:00,438.8800048828125,440.40899658203125,432.55010986328125,436.1499938964844,8248784
2024-12-20 11:30:00,425.5050048828125,444.3999938964844,417.6400146484375,440.94500732421875,54848900
2024-12-20 13:30:00,441.05999755859375,447.0799865722656,436.79998779296875,443.45001220703125,19396000
2024-12-20 15:30:00,443.4590148925781,444.8999938964844,434.44000244140625,434.8999938964844,17410022
2024-12-20 16:00:00,435.239990234375,435.79998779296875,420.1099853515625,420.6000061035156,13446521
2024-12-23 11:30:00,430.9624938964844,434.20001220703125,415.41119384765625,431.9556884765625,37030221
2024-12-23 13:30:00,431.9100036621094,434.510009765625,427.3500061035156,433.4090881347656,13656416
2024-12-23 15:30:00,433.25,434.1559143066406,425.8999938964844,427.8200988769531,10546170
2024-12-23 16:00:00,427.9700012207031,431.25,427.6400146484375,431.239990234375,4660080
2024-12-24 11:30:00,435.2685852050781,453.6199951171875,435.1400146484375,452.67999267578125,35613654
2024-12-24 13:30:00,452.5199890136719,455.6299133300781,450.79998779296875,455.5129089355469,8169148
2024-12-26 11:30:00,465.1499938964844,465.32989501953125,451.90008544921875,455.05999755859375,39052832
2024-12-26 13:30:00,455.1000061035156,457.8799133300781,451.0199890136719,455.80718994140625,16564790
2024-12-26 15:30:00,455.8999938964844,458.0899963378906,451.0400085449219,457.55889892578125,12248362
2024-12-26 16:00:00,457.6000061035156,459.1099853515625,453.55010986328125,453.9599914550781,5827891
2024-12-27 11:30:00,449.49798583984375,449.8900146484375,426.5,439.1199951171875,40665877
2024-12-27 13:30:00,439.2099914550781,439.31060791015625,431.6611022949219,432.66729736328125,15020254
2024-12-27 15:30:00,432.5899963378906,435.19989013671875,429.1300048828125,430.3699951171875,13129393
2024-12-27 16:00:00,430.30999755859375,431.9800109863281,428.6000061035156,431.7056884765625,6684724
2024-12-30 11:30:00,419.20001220703125,427.0,415.75,421.5299987792969,32460142
2024-12-30 13:30:00,421.59820556640625,424.9800109863281,419.6600036621094,422.0801086425781,12666820
2024-12-30 15:30:00,422.05999755859375,424.489990234375,420.1700134277344,420.2300109863281,8636398
2024-12-30 16:00:00,420.2200012207031,420.9800109863281,416.8999938964844,417.2799987792969,5142685
2024-12-31 11:30:00,425.5,427.92999267578125,412.135009765625,412.8100891113281,31368680
2024-12-31 13:30:00,412.8100891113281,416.8299865722656,408.5799865722656,411.42999267578125,15252038
2024-12-31 15:30:00,411.42999267578125,412.6899108886719,403.1199951171875,409.67999267578125,16033059
2024-12-31 16:00:00,409.5799865722656,409.9700012207031,402.5400085449219,403.6400146484375,7106612
2025-01-02 11:30:00,389.6899108886719,391.17999267578125,373.4100036621094,382.5249938964844,57765728
2025-01-02 13:30:00,382.489990234375,386.1499938964844,373.04998779296875,377.7099914550781,22171516
2025-01-02 15:30:00,377.6199951171875,380.32989501953125,374.8699951171875,379.55499267578125,14931839
2025-01-02 16:00:00,379.614990234375,381.2432861328125,376.8800048828125,379.0299987792969,7378899
2025-01-03 11:30:00,381.6549987792969,396.25,379.45001220703125,396.0,36553644
2025-01-03 13:30:00,395.8999938964844,399.7699890136719,393.3299865722656,398.9849853515625,17262642
2025-01-03 15:30:00,398.9200134277344,409.69000244140625,397.7300109863281,408.6300048828125,22901851
2025-01-03 16:00:00,408.55999755859375,411.8799133300781,407.92010498046875,410.7699890136719,8961596
2025-01-06 11:30:00,422.04998779296875,426.42999267578125,407.95001220703125,411.1000061035156,42763509
2025-01-06 13:30:00,411.07501220703125,411.7398986816406,405.16778564453125,406.6499938964844,15567456
2025-01-06 15:30:00,406.6639099121094,407.9198913574219,401.70001220703125,407.5,15023384
2025-01-06 16:00:00,407.5299987792969,411.3699951171875,403.67120361328125,411.04998779296875,8253417
2025-01-07 11:30:00,405.80999755859375,414.3299865722656,391.20001220703125,398.79998779296875,38913665
2025-01-07 13:30:00,398.6300048828125,411.04998779296875,392.6499938964844,398.4800109863281,12025339
2025-01-07 15:30:00,398.42291259765625,398.7398986816406,390.7099914550781,391.07000732421875,11199571
2025-01-07 16:00:00,391.1600036621094,394.6199951171875,390.010009765625,394.5899963378906,7248405
2025-01-08 11:30:00,393.04998779296875,402.4999084472656,391.4100036621094,394.3399963378906,31972822
2025-01-08 13:30:00,394.3399963378906,399.6098937988281,387.4292907714844,398.7130126953125,17099691
2025-01-08 15:30:00,398.7831115722656,400.5158996582031,394.04998779296875,396.2850036621094,12982947
2025-01-08 16:00:00,396.2699890136719,397.8900146484375,394.5,395.0,5044424
2025-01-10 11:30:00,389.17999267578125,399.25,383.489990234375,388.1413879394531,31101384
2025-01-10 13:30:00,388.0849914550781,398.2998962402344,387.0,397.3599853515625,13188963
2025-01-10 15:30:00,397.5,397.7900085449219,393.1311950683594,393.9599914550781,9894866
2025-01-10 16:00:00,393.79998779296875,395.5,392.55999755859375,394.8599853515625,4549472
2025-01-13 11:30:00,381.30499267578125,394.67999267578125,380.07000732421875,388.1199951171875,29833823
2025-01-13 13:30:00,388.1199951171875,397.5899963378906,387.1400146484375,395.07000732421875,14151797
2025-01-13 15:30:00,395.05499267578125,396.1643981933594,391.3999938964844,392.54998779296875,9739904
2025-01-13 16:00:00,392.6199951171875,403.7900085449219,392.0199890136719,403.3699951171875,6910009
2025-01-14 11:30:00,413.2049865722656,422.6400146484375,404.25,407.6698913574219,42045339
2025-01-14 13:30:00,407.510009765625,409.3598937988281,402.1600036621094,408.96600341796875,13441751
2025-01-14 15:30:00,408.989990234375,412.0,396.0002136230469,398.2099914550781,17797665
2025-01-14 16:00:00,398.20001220703125,399.04998779296875,394.5400085449219,396.20001220703125,6661740
2025-01-15 11:30:00,409.8599853515625,418.95989990234375,405.6610107421875,417.0400085449219,34174820
2025-01-15 13:30:00,416.9800109863281,420.79998779296875,413.79998779296875,420.7774963378906,14339723
2025-01-15 15:30:00,420.7850036621094,427.8800048828125,418.53009033203125,426.80999755859375,15890019
2025-01-15 16:00:00,426.7701110839844,429.79998779296875,425.9027099609375,428.17999267578125,8770535
2025-01-16 11:30:00,423.489990234375,423.56500244140625,412.6600036621094,415.5589904785156,31976625
2025-01-16 13:30:00,415.59991455078125,415.7799987792969,410.4801025390625,411.8500061035156,12715427
2025-01-16 15:30:00,411.81500244140625,415.760009765625,409.1300048828125,413.50799560546875,13023917
2025-01-16 16:00:00,413.5596923828125,415.8800048828125,413.1499938964844,413.510009765625,5365340
2025-01-17 11:30:00,421.7200012207031,434.17999267578125,419.7701110839844,433.8175048828125,40608471
2025-01-17 13:30:00,433.889892578125,439.20001220703125,431.5,437.114990234375,18940704
2025-01-17 15:30:00,437.0899963378906,439.739990234375,428.6300048828125,428.7799987792969,20532795
2025-01-17 16:00:00,428.7699890136719,432.6300048828125,426.2300109863281,426.4800109863281,8389476
2025-01-21 11:30:00,432.80999755859375,432.9845886230469,406.30999755859375,415.0799865722656,45332422
2025-01-21 13:30:00,415.1300048828125,420.3299865722656,412.510009765625,418.84991455078125,14678781
2025-01-21 15:30:00,418.7850036621094,421.29998779296875,415.5101013183594,420.4949951171875,12874904
2025-01-21 16:00:00,420.41009521484375,424.659912109375,419.1199951171875,424.0799865722656,7706082
2025-01-22 11:30:00,416.7200012207031,428.0,416.10009765625,422.5953063964844,28772917
2025-01-22 13:30:00,422.6070861816406,424.1400146484375,419.5899963378906,421.29998779296875,10315695
2025-01-22 15:30:00,421.30499267578125,421.4465026855469,417.29010009765625,417.6559143066406,9712439
2025-01-22 16:00:00,417.6499938964844,419.2200012207031,414.5899963378906,415.1000061035156,6017585
2025-01-23 11:30:00,415.989990234375,420.7300109863281,410.3500061035156,413.2799987792969,24555558
2025-01-23 13:30:00,413.20001220703125,414.0989990234375,408.95001220703125,412.3800048828125,10448176
2025-01-23 15:30:00,412.3800048828125,413.4100036621094,409.3299865722656,410.4849853515625,7971270
2025-01-23 16:00:00,410.46990966796875,412.3800048828125,409.4200134277344,412.3699951171875,4244509
2025-01-24 11:30:00,414.5199890136719,418.010009765625,411.7099914550781,413.510009765625,25874921
2025-01-24 13:30:00,413.3800964355469,415.69000244140625,407.7699890136719,410.2099914550781,11322856
2025-01-24 15:30:00,410.2099914550781,410.6300048828125,406.79998779296875,406.8500061035156,9958796
2025-01-24 16:00:00,406.92510986328125,407.8500061035156,405.7799987792969,406.5350036621094,4577762
2025-01-27 11:30:00,394.5320129394531,406.6698913574219,393.39300537109375,399.2799987792969,28060569
2025-01-27 13:30:00,399.3299865722656,401.5075988769531,393.8399963378906,393.9534912109375,9993677
2025-01-27 15:30:00,393.9599914550781,397.32000732421875,389.0,394.5,11028508
2025-01-27 16:00:00,394.5,397.45001220703125,392.3999938964844,397.05999755859375,4426955
2025-01-28 11:30:00,395.0,396.5599060058594,386.5,388.17999267578125,20891526
2025-01-28 13:30:00,388.1099853515625,395.67999267578125,387.4700012207031,394.0342102050781,9376498
2025-01-28 15:30:00,394.1000061035156,400.5899963378906,392.42999267578125,400.4100036621094,9741528
2025-01-28 16:00:00,400.29998779296875,400.30999755859375,397.34490966796875,398.1000061035156,3777704
2025-01-29 11:30:00,395.19000244140625,398.58990478515625,389.4100036621094,389.7650146484375,17516372
2025-01-29 13:30:00,389.6639099121094,391.510009765625,384.7200012207031,389.9989929199219,10686882
2025-01-29 15:30:00,389.9700012207031,391.6899108886719,384.4800109863281,391.1400146484375,13067758
2025-01-29 16:00:00,391.2799987792969,391.8500061035156,386.8999938964844,388.0299987792969,5136360
2025-01-30 11:30:00,410.5,412.5,384.4100036621094,397.114990234375,50029052
2025-01-30 13:30:00,397.07000732421875,409.1000061035156,395.80010986328125,403.98748779296875,21682780
2025-01-30 15:30:00,403.8500061035156,406.7445068359375,401.30010986328125,406.0277099609375,13954846
2025-01-30 16:00:00,405.8999938964844,407.5,398.9501037597656,400.4800109863281,7359961
2025-01-31 11:30:00,401.5150146484375,418.44000244140625,401.42498779296875,415.0199890136719,34403620
2025-01-31 13:30:00,415.1419982910156,419.9800109863281,414.79998779296875,415.8970947265625,14644115
2025-01-31 15:30:00,415.8999938964844,416.95989990234375,401.4400939941406,402.8500061035156,23443635
2025-01-31 16:00:00,402.7699890136719,405.3699951171875,402.25,404.5799865722656,6096507
2025-02-03 11:30:00,386.69000244140625,389.1700134277344,374.3900146484375,384.29998779296875,50648714
2025-02-03 13:30:00,384.3037109375,387.1028137207031,377.4100036621094,380.2807922363281,17535796
2025-02-03 15:30:00,380.385986328125,385.33990478515625,378.3299865722656,384.1900939941406,12609724
2025-02-03 16:00:00,384.3399963378906,385.06988525390625,381.3599853515625,383.8599853515625,5498643
2025-02-04 11:30:00,383.0,390.7300109863281,381.3999938964844,383.4649963378906,24488390
2025-02-04 13:30:00,383.4624938964844,387.45001220703125,382.67999267578125,386.82000732421875,11085034
2025-02-04 15:30:00,386.7799987792969,389.9800109863281,385.0799865722656,389.80999755859375,11179740
2025-02-04 16:00:00,389.7799987792969,394.0,388.8700866699219,392.3999938964844,6908873
2025-02-05 11:30:00,387.510009765625,388.3900146484375,380.0199890136719,382.29998779296875,24500440
2025-02-05 13:30:00,382.3240051269531,384.9560852050781,380.04998779296875,380.4739990234375,9927501
2025-02-05 15:30:00,380.45001220703125,381.4800109863281,377.5,377.8399963378906,11841898
2025-02-05 16:00:00,377.82000732421875,379.3500061035156,375.5299987792969,378.1700134277344,6869429
2025-02-06 11:30:00,373.1050109863281,375.3999938964844,363.17999267578125,366.0299987792969,39360569
2025-02-06 13:30:00,366.05499267578125,371.7699890136719,364.82000732421875,371.7699890136719,14603882
2025-02-06 15:30:00,371.760009765625,378.1700134277344,367.4200134277344,369.3599853515625,14019020
2025-02-06 16:00:00,369.42999267578125,374.32000732421875,369.4200134277344,374.30999755859375,6196275
2025-02-07 11:30:00,370.17999267578125,380.5458984375,367.2799987792969,369.17669677734375,31821722
2025-02-07 13:30:00,369.17498779296875,371.260009765625,366.30999755859375,369.5,11888267
2025-02-07 15:30:00,369.55419921875,370.0,361.20001220703125,361.8699951171875,14306221
2025-02-07 16:00:00,361.8528137207031,362.8399963378906,360.3399963378906,361.489990234375,6786259
2025-02-10 11:30:00,356.239990234375,362.70001220703125,350.54998779296875,360.7510070800781,36146981
2025-02-10 13:30:00,360.7449951171875,362.19989013671875,357.6000061035156,359.9504089355469,12463278
2025-02-10 15:30:00,359.95001220703125,360.0,352.90008544921875,354.989990234375,14080221
2025-02-10 16:00:00,354.9800109863281,355.0,350.510009765625,350.6400146484375,8336029
2025-02-11 11:30:00,344.760009765625,349.3699951171875,335.7121887207031,337.3699951171875,43631766
2025-02-11 13:30:00,337.3299865722656,337.55999755859375,329.1199951171875,329.69781494140625,28860257
2025-02-11 15:30:00,329.7298889160156,334.6000061035156,326.1099853515625,326.41729736328125,26883673
2025-02-11 16:00:00,326.5299987792969,328.6499938964844,325.1000061035156,328.6400146484375,11779313
2025-02-12 11:30:00,329.9800109863281,341.1600036621094,329.1199951171875,337.20001220703125,48756563
2025-02-12 13:30:00,337.20001220703125,345.6199951171875,337.1499938964844,344.92999267578125,20420376
2025-02-12 15:30:00,345.0199890136719,346.3999938964844,342.0799865722656,345.81500244140625,15826109
2025-02-12 16:00:00,345.75,345.9798889160156,335.6600036621094,336.4599914550781,12397101
2025-02-13 11:30:00,345.0400085449219,358.69000244140625,342.864990234375,352.7550048828125,44140976
2025-02-13 13:30:00,352.75,352.97900390625,348.1700134277344,350.4150085449219,18963397
2025-02-13 15:30:00,350.44000244140625,355.07989501953125,349.92999267578125,355.0199890136719,13227378
2025-02-13 16:00:00,354.9800109863281,356.8999938964844,353.85009765625,356.0299987792969,7327935
2025-02-14 11:30:00,360.6199951171875,361.989990234375,347.5,351.54998779296875,37936384
2025-02-14 13:30:00,351.54998779296875,352.739990234375,348.6200866699219,351.2296142578125,11523411
2025-02-14 15:30:00,351.2217102050781,356.17999267578125,351.2001037597656,355.8667907714844,11468481
2025-02-14 16:00:00,355.8299865722656,356.44000244140625,354.2799987792969,355.8999938964844,4756780
2025-02-18 11:30:00,355.2799987792969,359.1000061035156,352.54998779296875,356.2550048828125,25849263
2025-02-18 13:30:00,356.1400146484375,357.1700134277344,350.0199890136719,351.2900085449219,10426783
2025-02-18 15:30:00,351.29071044921875,354.6700134277344,350.5,352.760009765625,8389290
2025-02-18 16:00:00,352.760009765625,354.3299865722656,352.3299865722656,354.04998779296875,3271751
2025-02-19 11:30:00,353.9700012207031,367.3399963378906,353.7349853515625,359.96600341796875,33889637
2025-02-19 13:30:00,359.9100036621094,365.1376953125,358.260009765625,362.8699951171875,13910612
2025-02-19 15:30:00,362.9599914550781,364.25,357.8699951171875,358.1091003417969,10610036
2025-02-19 16:00:00,358.0899963378906,361.94000244140625,357.35089111328125,360.6000061035156,4928309
2025-02-20 11:30:00,361.5400085449219,362.29998779296875,348.0,354.19500732421875,25656540
2025-02-20 13:30:00,354.2300109863281,355.32989501953125,351.67999267578125,353.4544982910156,7593811
2025-02-20 15:30:00,353.42999267578125,354.7300109863281,350.8999938964844,353.70001220703125,6379968
2025-02-20 16:00:00,353.6451110839844,354.8799133300781,352.75,354.3800048828125,2811368
2025-02-21 11:30:00,353.1600036621094,354.9800109863281,344.80999755859375,346.0899963378906,23646201
2025-02-21 13:30:00,346.0400085449219,346.29998779296875,337.2109069824219,340.1180114746094,18457558
2025-02-21 15:30:00,340.1400146484375,342.77911376953125,334.4200134277344,336.4049987792969,17950388
2025-02-21 16:00:00,336.4200134277344,338.25,334.9200134277344,337.5400085449219,7027669
2025-02-24 11:30:00,340.1499938964844,342.3973083496094,324.70001220703125,333.8399963378906,40817874
2025-02-24 13:30:00,333.8891906738281,338.9588928222656,331.8399963378906,338.3999938964844,13571265
2025-02-24 15:30:00,338.3999938964844,338.54998779296875,331.7300109863281,331.8680114746094,10686708
2025-02-24 16:00:00,331.8599853515625,333.6000061035156,329.8900146484375,330.3800048828125,5350028
2025-02-25 11:30:00,327.1300048828125,327.45001220703125,300.1099853515625,301.30999755859375,64658805
2025-02-25 13:30:00,301.3399963378906,306.4656982421875,298.7799987792969,302.3699951171875,27129338
2025-02-25 15:30:00,302.3999938964844,304.2980041503906,297.2511901855469,302.70001220703125,24269003
2025-02-25 16:00:00,302.67999267578125,303.739990234375,298.3500061035156,302.489990234375,10453529
2025-02-26 11:30:00,303.7149963378906,309.0,294.2301025390625,298.781005859375,41644412
2025-02-26 13:30:00,298.7799987792969,302.260009765625,293.4200134277344,293.4374084472656,18642740
2025-02-26 15:30:00,293.4396057128906,294.8999938964844,288.0802001953125,289.01959228515625,25318179
2025-02-26 16:00:00,289.0,292.67999267578125,288.0400085449219,290.8900146484375,8686402
2025-02-27 11:30:00,291.0,297.2300109863281,280.8800048828125,288.3999938964844,48097600
2025-02-27 13:30:00,288.5174865722656,291.6698913574219,284.3399963378906,291.30999755859375,18414752
2025-02-27 15:30:00,291.3299865722656,291.82440185546875,281.5,281.9299011230469,20851415
2025-02-27 16:00:00,281.92999267578125,284.6600036621094,281.2699890136719,281.9599914550781,7161280
2025-02-28 11:30:00,277.1199951171875,293.0,273.6000061035156,287.94000244140625,52917097
2025-02-28 13:30:00,287.8901062011719,291.92999267578125,281.3500061035156,286.1199951171875,19459267
2025-02-28 15:30:00,286.05999755859375,293.39691162109375,282.80999755859375,293.26220703125,20949755
2025-02-28 16:00:00,293.260009765625,293.6099853515625,288.8900146484375,293.30999755859375,9448612
2025-03-03 11:30:00,300.36749267578125,303.94000244140625,291.70001220703125,298.94500732421875,47791659
2025-03-03 13:30:00,298.989990234375,302.47900390625,285.0299987792969,285.4150085449219,26558882
2025-03-03 15:30:00,285.5086975097656,290.260009765625,279.05999755859375,280.0924072265625,23991630
2025-03-03 16:00:00,280.05999755859375,284.9800109863281,277.29998779296875,284.7799987792969,10701428
2025-03-04 11:30:00,270.79998779296875,278.2799987792969,261.840087890625,262.760498046875,58081655
2025-03-04 13:30:00,262.67999267578125,274.45001220703125,262.6117858886719,271.135986328125,24848142
2025-03-04 15:30:00,271.1075134277344,284.3299865722656,270.1199951171875,283.0299987792969,24648435
2025-03-04 16:00:00,282.9549865722656,283.31988525390625,270.33099365234375,272.0,12383747
2025-03-05 11:30:00,272.9599914550781,278.2698974609375,267.7099914550781,270.6000061035156,43055508
2025-03-05 13:30:00,270.54998779296875,276.05999755859375,268.0,272.431884765625,19842529
2025-03-05 15:30:00,272.375,279.1600036621094,271.20001220703125,276.82000732421875,18230264
2025-03-05 16:00:00,276.739990234375,279.5400085449219,275.260009765625,279.260009765625,7015037
2025-03-06 11:30:00,272.0,272.6499938964844,264.3999938964844,269.30999755859375,38187669
2025-03-06 13:30:00,269.3299865722656,271.239501953125,261.7699890136719,262.95001220703125,21753438
2025-03-06 15:30:00,263.0,266.6099853515625,260.0199890136719,261.1650085449219,23666695
2025-03-06 16:00:00,261.1700134277344,264.3399963378906,260.54998779296875,263.42999267578125,8703774
2025-03-07 11:30:00,259.2749938964844,266.2499084472656,254.30999755859375,254.38999938964844,42392180
2025-03-07 13:30:00,254.4199981689453,262.8699951171875,250.72999572753906,260.2049865722656,29031665
2025-03-07 15:30:00,260.2699890136719,264.2684020996094,259.2300109863281,261.68609619140625,18883529
2025-03-07 16:00:00,261.5199890136719,263.5,258.4599914550781,262.6300048828125,8113322
2025-03-10 11:30:00,252.60000610351562,253.3699951171875,237.60000610351562,240.16000366210938,60422972
2025-03-10 13:30:00,240.14999389648438,243.1092987060547,225.58999633789062,227.0500030517578,48377482
2025-03-10 15:30:00,227.15989685058594,228.85000610351562,220.66000366210938,221.5800018310547,41911400
2025-03-10 16:00:00,221.57000732421875,224.8000030517578,220.19000244140625,222.0800018310547,21582826
2025-03-11 11:30:00,225.2700958251953,236.2895965576172,218.02999877929688,228.39999389648438,88218128
2025-03-11 13:30:00,228.38999938964844,232.6999969482422,223.5500030517578,223.80999755859375,28756012
2025-03-11 15:30:00,223.75,237.0648956298828,223.5800018310547,232.6820068359375,35369735
2025-03-11 16:00:00,232.72999572753906,234.99000549316406,229.6199951171875,230.5,11862356
2025-03-12 11:30:00,244.65280151367188,251.69000244140625,241.10000610351562,244.8206024169922,71768572
2025-03-12 13:30:00,244.8800048828125,251.83999633789062,244.52999877929688,250.23989868164062,27685734
2025-03-12 15:30:00,250.1199951171875,251.10000610351562,245.75,247.70350646972656,20573431
2025-03-12 16:00:00,247.75999450683594,248.3800048828125,245.97999572753906,248.27999877929688,10404480
2025-03-13 11:30:00,248.125,248.2899932861328,234.0,236.14999389648438,55617077
2025-03-13 13:30:00,236.1300048828125,238.49000549316406,233.52999877929688,236.07000732421875,23478506
2025-03-13 15:30:00,236.0399932861328,242.60000610351562,235.4499969482422,239.7100067138672,21027783
2025-03-13 16:00:00,239.89999389648438,240.92999267578125,238.1510009765625,240.69000244140625,7160974
2025-03-14 11:30:00,247.30999755859375,250.639892578125,240.74000549316406,248.5950927734375,46618672
2025-03-14 13:30:00,248.5800018310547,249.75999450683594,246.410400390625,247.981201171875,20228344
2025-03-14 15:30:00,247.99000549316406,251.5800018310547,247.4199981689453,248.49000549316406,18818343
2025-03-14 16:00:00,248.50999450683594,250.32989501953125,247.7899932861328,249.98049926757812,8356801
2025-03-17 11:30:00,244.97000122070312,245.01499938964844,234.39999389648438,235.60000610351562,48845255
2025-03-17 13:30:00,235.60000610351562,236.7093963623047,232.8000946044922,236.35499572753906,24686581
2025-03-17 15:30:00,236.35569763183594,240.4199981689453,235.79010009765625,237.45010375976562,20771342
2025-03-17 16:00:00,237.4499969482422,239.89999389648438,237.14059448242188,237.8000030517578,7704728
2025-03-18 11:30:00,229.18499755859375,230.10000610351562,222.27999877929688,227.9199981689453,54645518
2025-03-18 13:30:00,227.9199981689453,229.5500030517578,226.1300048828125,226.99549865722656,20702242
2025-03-18 15:30:00,226.9550018310547,227.9698944091797,223.30059814453125,226.41720581054688,20497983
2025-03-18 16:00:00,226.4257049560547,226.86000061035156,224.72000122070312,225.47999572753906,6744236
2025-03-19 11:30:00,231.61000061035156,235.5,229.2010040283203,235.4149932861328,44484795
2025-03-19 13:30:00,235.42999267578125,237.07000732421875,233.3699951171875,234.35079956054688,19871330
2025-03-19 15:30:00,234.3350067138672,241.41000366210938,232.07000732421875,235.2969970703125,30478072
2025-03-19 16:00:00,235.3249969482422,238.14999389648438,235.13999938964844,235.72999572753906,9655736
2025-03-20 11:30:00,233.34500122070312,238.0,232.1300048828125,234.07440185546875,41102027
2025-03-20 13:30:00,234.0399932861328,235.6898956298828,230.0500946044922,234.2700958251953,27226080
2025-03-20 15:30:00,234.35000610351562,236.64999389648438,231.88999938964844,233.69000244140625,18666772
2025-03-20 16:00:00,233.7100067138672,236.25999450683594,233.6800994873047,236.25,6303791
2025-03-21 11:30:00,234.98500061035156,243.75999450683594,234.5625,240.25,54289678
2025-03-21 13:30:00,240.3000030517578,246.8800048828125,239.27999877929688,245.36000061035156,28301869
2025-03-21 15:30:00,245.3699951171875,247.55999755859375,244.52000427246094,245.02499389648438,21920047
2025-03-21 16:00:00,245.0,249.49000549316406,244.60000610351562,249.11500549316406,12216546
2025-03-24 11:30:00,258.07501220703125,274.7200012207031,256.3299865722656,271.92999267578125,79979930
2025-03-24 13:30:00,271.92498779296875,275.7699890136719,270.0199890136719,274.0400085449219,30138585
2025-03-24 15:30:00,274.0899963378906,276.3500061035156,273.30999755859375,276.1700134277344,26282499
2025-03-24 16:00:00,276.1499938964844,278.6400146484375,275.3800048828125,278.44000244140625,16044092
2025-03-25 11:30:00,283.5,283.5849914550781,271.2799987792969,277.7300109863281,72561515
2025-03-25 13:30:00,277.7200012207031,280.7200012207031,275.1499938964844,277.2441101074219,25425917
2025-03-25 15:30:00,277.260009765625,284.8699951171875,277.1499938964844,284.54998779296875,27633896
2025-03-25 16:00:00,284.5400085449219,288.20001220703125,284.35418701171875,288.1499938964844,15352239
2025-03-26 11:30:00,282.36151123046875,284.8999938964844,272.6000061035156,276.4800109863281,63035366
2025-03-26 13:30:00,276.5299987792969,277.7799987792969,269.6499938964844,270.8949890136719,31962460
2025-03-26 15:30:00,270.8949890136719,273.49969482421875,267.2500915527344,267.75421142578125,29741115
2025-03-26 16:00:00,267.7799987792969,272.57281494140625,266.510009765625,271.989990234375,13813701
2025-03-27 11:30:00,272.4800109863281,291.8399963378906,271.82159423828125,286.9200134277344,72701819
2025-03-27 13:30:00,286.9700012207031,287.17999267578125,273.79998779296875,273.92999267578125,42769915
2025-03-27 15:30:00,273.9599914550781,279.6700134277344,273.7251892089844,278.20001220703125,25912173
2025-03-27 16:00:00,278.19000244140625,278.6400146484375,272.05999755859375,273.2300109863281,11541953
2025-03-28 11:30:00,275.5,276.1000061035156,260.7900085449219,265.8562927246094,60584958
2025-03-28 13:30:00,265.75,268.1099853515625,261.75,263.2799987792969,23622395
2025-03-28 15:30:00,263.2900085449219,265.3999938964844,262.3500061035156,263.05499267578125,21528504
2025-03-28 16:00:00,263.05499267578125,264.70001220703125,260.5799865722656,263.489990234375,10402229
2025-03-31 11:30:00,249.1699981689453,252.3000030517578,243.360107421875,250.85000610351562,60185529
2025-03-31 13:30:00,250.90249633789062,256.8999938964844,250.17999267578125,254.25,27211540
2025-03-31 15:30:00,254.3000030517578,260.3500061035156,252.6201934814453,256.706787109375,27089821
2025-03-31 16:00:00,256.69000244140625,260.55999755859375,256.3500061035156,259.2699890136719,10888065
2025-04-01 11:30:00,263.7349853515625,274.8299865722656,259.25,274.1700134277344,62873958
2025-04-01 13:30:00,274.19000244140625,277.45001220703125,271.0,273.3384094238281,34912796
2025-04-01 15:30:00,273.29998779296875,275.9100036621094,267.0899963378906,269.04998779296875,29609022
2025-04-01 16:00:00,269.0799865722656,271.05999755859375,268.20001220703125,268.4800109863281,10506787
2025-04-02 11:30:00,254.60000610351562,276.9800109863281,251.27000427246094,275.5166015625,79446698
2025-04-02 13:30:00,275.5,284.389892578125,268.4599914550781,283.5799865722656,62757255
2025-04-02 15:30:00,283.5849914550781,283.9100036621094,268.4599914550781,280.6700134277344,33909813
2025-04-02 16:00:00,280.6199951171875,284.989990234375,278.5299987792969,282.6700134277344,15968073
2025-04-03 11:30:00,265.239990234375,276.29998779296875,261.510009765625,265.5799865722656,65311776
2025-04-03 13:30:00,265.5400085449219,271.6000061035156,265.0299987792969,268.2799987792969,30202624
2025-04-03 15:30:00,268.2650146484375,270.5,265.2099914550781,265.8999938964844,22981522
2025-04-03 16:00:00,265.9549865722656,268.3800048828125,264.8599853515625,267.1400146484375,10037129
2025-04-04 11:30:00,255.3699951171875,261.0,236.0,243.75,88430436
2025-04-04 13:30:00,243.82000732421875,245.82980346679688,239.36000061035156,241.01690673828125,34222882
2025-04-04 15:30:00,240.9600067138672,246.22999572753906,238.4199981689453,242.7899932861328,30902956
2025-04-04 16:00:00,242.6699981689453,245.2626953125,238.7100067138672,239.33999633789062,14746733
2025-04-07 11:30:00,223.0,252.0,214.25,225.82000732421875,99188709
2025-04-07 13:30:00,225.7082061767578,234.65769958496094,225.13999938964844,233.16990661621094,31077175
2025-04-07 15:30:00,233.0449981689453,237.3699951171875,227.75010681152344,229.4499969482422,30706474
2025-04-07 16:00:00,229.44000244140625,234.66000366210938,228.17010498046875,233.2899932861328,11034151
2025-04-08 11:30:00,245.0500030517578,250.44000244140625,241.343994140625,243.4499969482422,63368605
2025-04-08 13:30:00,243.34500122070312,246.90989685058594,228.1999969482422,229.64999389648438,40395275
2025-04-08 15:30:00,229.57000732421875,235.19979858398438,220.61599731445312,222.97940063476562,38527902
2025-04-08 16:00:00,222.97999572753906,223.19000244140625,217.8000030517578,221.5800018310547,18316517
2025-04-09 11:30:00,224.5625,234.6511993408203,223.88999938964844,230.8000030517578,62864976
2025-04-09 13:30:00,230.82000732421875,253.8000030517578,227.42689514160156,246.27310180664062,40942969
2025-04-09 15:30:00,246.39999389648438,269.20989990234375,232.5500030517578,268.4800109863281,72186078
2025-04-09 16:00:00,268.4599914550781,274.69000244140625,267.20001220703125,272.0,20202687
2025-04-10 11:30:00,260.0299987792969,262.489990234375,251.19000244140625,251.25079345703125,60313029
2025-04-10 13:30:00,251.28550720214844,251.75,239.3300018310547,245.85000610351562,52409904
2025-04-10 15:30:00,245.77499389648438,256.5400085449219,245.0200958251953,247.75750732421875,42420753
2025-04-10 16:00:00,247.7899932861328,253.4398956298828,245.13999938964844,252.39999389648438,14548739
2025-04-11 11:30:00,251.83999633789062,257.739990234375,242.15499877929688,243.89999389648438,55884300
2025-04-11 13:30:00,243.9499969482422,251.22000122070312,241.36289978027344,245.52499389648438,33821024
2025-04-11 15:30:00,245.52980041503906,251.46200561523438,245.05999755859375,250.4149932861328,24666025
2025-04-11 16:00:00,250.3699951171875,252.32000732421875,248.70010375976562,252.17999267578125,8993721
2025-04-14 11:30:00,258.32501220703125,261.79998779296875,248.58999633789062,248.93499755859375,43465056
2025-04-14 13:30:00,248.9499969482422,250.47000122070312,245.92999267578125,247.99000549316406,24766887
2025-04-14 15:30:00,247.97000122070312,254.14999389648438,247.1999969482422,253.43609619140625,18212424
2025-04-14 16:00:00,253.44000244140625,256.0,251.9199981689453,252.36000061035156,8545474
2025-04-15 11:30:00,249.86000061035156,258.75,247.5500030517578,255.22579956054688,41654472
2025-04-15 13:30:00,255.2899932861328,256.29998779296875,251.58999633789062,252.14990234375,15643438
2025-04-15 15:30:00,252.0800018310547,253.92990112304688,250.83999633789062,252.12969970703125,13508133
2025-04-15 16:00:00,252.11500549316406,254.2342987060547,252.05999755859375,254.1199951171875,4775502
2025-04-16 11:30:00,247.69000244140625,251.35000610351562,247.0301055908203,250.79989624023438,31430320
2025-04-16 13:30:00,250.8000030517578,251.97000122070312,245.1999969482422,246.6199951171875,18873444
2025-04-16 15:30:00,246.6699981689453,246.7220001220703,233.88999938964844,234.3800048828125,37040888
2025-04-16 16:00:00,234.40499877929688,241.74000549316406,234.39999389648438,241.5500030517578,14481295
2025-04-17 11:30:00,243.39500427246094,244.33999633789062,237.6833038330078,239.4499969482422,35568739
2025-04-17 13:30:00,239.5,242.55999755859375,238.47000122070312,239.34339904785156,17363681
2025-04-17 15:30:00,239.39999389648438,242.16000366210938,238.75,239.23980712890625,14882592
2025-04-17 16:00:00,239.27439880371094,241.75,239.14500427246094,241.5399932861328,8322309
2025-04-21 11:30:00,229.5,232.2100067138672,223.6699981689453,224.73500061035156,40947280
2025-04-21 13:30:00,224.7899932861328,226.07000732421875,223.17320251464844,223.4600067138672,17503607
2025-04-21 15:30:00,223.4499969482422,225.22000122070312,222.8000030517578,224.57000732421875,16153993
2025-04-21 16:00:00,224.52999877929688,227.8699951171875,224.52000427246094,227.4499969482422,9457202
2025-04-22 11:30:00,230.34140014648438,239.3800048828125,230.10000610351562,238.11000061035156,39335280
2025-04-22 13:30:00,238.13999938964844,242.7899932861328,235.64999389648438,235.8699951171875,26787309
2025-04-22 15:30:00,235.86500549316406,238.5,234.46270751953125,235.38999938964844,20240491
2025-04-22 16:00:00,235.38999938964844,238.33999633789062,235.1300048828125,238.14999389648438,10096132
2025-04-23 11:30:00,254.86000061035156,259.44000244140625,244.42999267578125,254.74879455566406,79645489
2025-04-23 13:30:00,254.75,257.34039306640625,251.0800018310547,255.9149932861328,28284078
2025-04-23 15:30:00,255.99000549316406,258.2298889160156,252.05999755859375,252.3800048828125,23579849
2025-04-23 16:00:00,252.4199981689453,253.4499969482422,250.33999633789062,250.7899932861328,10336844
2025-04-24 11:30:00,249.5050048828125,258.1494140625,249.1999969482422,254.80369567871094,43760322
2025-04-24 13:30:00,254.80569458007812,256.1000061035156,252.47000122070312,255.36000061035156,19181544
2025-04-24 15:30:00,255.36000061035156,257.989990234375,254.57009887695312,255.95010375976562,16126726
2025-04-24 16:00:00,256.0,259.5400085449219,255.9600067138672,259.510009765625,8359222
2025-04-25 11:30:00,263.0950012207031,279.989990234375,259.6300048828125,279.5201110839844,72061784
2025-04-25 13:30:00,279.5451965332031,286.8500061035156,278.90008544921875,286.6499938964844,41689002
2025-04-25 15:30:00,286.6400146484375,286.6400146484375,281.04998779296875,282.55999755859375,30568728
2025-04-25 16:00:00,282.55499267578125,285.42999267578125,281.70001220703125,284.875,12767488
2025-04-28 11:30:00,289.0398864746094,294.8599853515625,273.7799987792969,274.07000732421875,76204134
2025-04-28 13:30:00,274.0199890136719,278.4200134277344,272.4200134277344,276.51409912109375,30765006
2025-04-28 15:30:00,276.55499267578125,285.17999267578125,275.3900146484375,284.6492004394531,26562450
2025-04-28 16:00:00,284.6300048828125,286.7200012207031,283.8999938964844,285.8789978027344,10158741
2025-04-29 11:30:00,285.4775085449219,289.29998779296875,279.4695129394531,281.9100036621094,49717275
2025-04-29 13:30:00,281.9100036621094,285.67999267578125,280.8999938964844,284.8900146484375,21226006
2025-04-29 15:30:00,284.9100036621094,286.8699951171875,284.1499938964844,286.8595886230469,16641980
2025-04-29 16:00:00,286.8599853515625,293.2900085449219,286.8453063964844,292.0104064941406,14073915
2025-04-30 11:30:00,279.8699951171875,281.4200134277344,270.7900085449219,279.04998779296875,57279030
2025-04-30 13:30:00,279.0325012207031,279.79998779296875,275.1600036621094,278.0299987792969,22701924
2025-04-30 15:30:00,277.989990234375,282.6993103027344,277.7300109863281,281.3999938964844,25728761
2025-04-30 16:00:00,281.4200134277344,284.45001220703125,281.3599853515625,282.1171875,9906858
2025-05-01 11:30:00,280.0799865722656,290.8688049316406,279.9800109863281,287.25,47028189
2025-05-01 13:30:00,287.30499267578125,287.4397888183594,282.29998779296875,284.0899963378906,22303001
2025-05-01 15:30:00,284.1199951171875,284.5799865722656,281.760009765625,283.44500732421875,15484647
2025-05-01 16:00:00,283.4197998046875,284.6492919921875,279.80999755859375,280.510009765625,7919923
2025-05-02 11:30:00,285.010009765625,287.94000244140625,279.80999755859375,285.25,40915029
2025-05-02 13:30:00,285.260009765625,294.489990234375,285.0058898925781,292.20001220703125,32945148
2025-05-02 15:30:00,292.1700134277344,294.7799987792969,288.6199951171875,289.755615234375,25270588
2025-05-02 16:00:00,289.739990234375,289.80999755859375,285.7699890136719,287.25,10741485
2025-05-05 11:30:00,284.57000732421875,284.79998779296875,274.3999938964844,276.7900085449219,42466585
2025-05-05 13:30:00,276.7699890136719,280.92449951171875,274.79998779296875,280.4800109863281,20461326
2025-05-05 15:30:00,280.5400085449219,283.389892578125,279.6099853515625,281.74920654296875,18820275
2025-05-05 16:00:00,281.7200012207031,282.2699890136719,279.30999755859375,280.20001220703125,6865353
2025-05-06 11:30:00,273.0899963378906,277.7300109863281,271.3599853515625,275.7349853515625,35474301
2025-05-06 13:30:00,275.66009521484375,276.1499938964844,272.25,273.7156982421875,17269930
2025-05-06 15:30:00,273.7200012207031,276.4794921875,272.75,276.0199890136719,13300718
2025-05-06 16:00:00,275.989990234375,276.7096862792969,275.0299987792969,275.25,5056103
2025-05-07 11:30:00,276.81500244140625,277.9200134277344,272.95001220703125,273.3450012207031,28519556
2025-05-07 13:30:00,273.28570556640625,275.57000732421875,272.1300964355469,275.3699951171875,12297695
2025-05-07 15:30:00,275.37030029296875,275.989990234375,271.010009765625,273.1300048828125,19011702
2025-05-07 16:00:00,273.14990234375,277.25,272.5000915527344,276.17999267578125,7385022
2025-05-08 11:30:00,279.6300048828125,287.1199951171875,279.4100036621094,286.6700134277344,42197864
2025-05-08 13:30:00,286.69000244140625,289.79998779296875,286.1199951171875,287.07159423828125,24593089
2025-05-08 15:30:00,287.1099853515625,289.7900085449219,286.25,289.0199890136719,16370126
2025-05-08 16:00:00,289.0199890136719,289.4599914550781,284.6099853515625,284.8900146484375,7436297
2025-05-09 11:30:00,292.0899963378906,307.0400085449219,290.03900146484375,298.6600036621094,75405046
2025-05-09 13:30:00,298.6329040527344,299.9798889160156,296.3299865722656,297.8999938964844,21539714
2025-05-09 15:30:00,297.9599914550781,301.0799865722656,296.510009765625,297.80999755859375,20995610
2025-05-09 16:00:00,297.79998779296875,299.6199951171875,296.85009765625,298.1017150878906,8265009
2025-05-12 11:30:00,321.93499755859375,322.20001220703125,311.5,319.7799987792969,62163958
2025-05-12 13:30:00,319.7672119140625,320.8699951171875,317.010009765625,318.29058837890625,18140812
2025-05-12 15:30:00,318.3349914550781,319.83819580078125,316.1401062011719,316.3450012207031,16713091
2025-05-12 16:00:00,316.3450012207031,318.7699890136719,316.1400146484375,318.6199951171875,7404623
2025-05-13 11:30:00,319.9549865722656,326.06988525390625,316.79998779296875,321.5150146484375,52008908
2025-05-13 13:30:00,321.6000061035156,329.489990234375,320.42999267578125,329.44000244140625,24828768
2025-05-13 15:30:00,329.3900146484375,337.5893859863281,328.6700134277344,334.9901123046875,41616560
2025-05-13 16:00:00,335.0299987792969,336.1820068359375,331.80999755859375,333.92999267578125,10716982
2025-05-14 11:30:00,342.4599914550781,345.5,337.0,342.7322082519531,57036924
2025-05-14 13:30:00,342.739990234375,350.0,342.5299987792969,344.57000732421875,36495268
2025-05-14 15:30:00,344.5950012207031,350.0,343.3100891113281,347.92999267578125,26245949
2025-05-14 16:00:00,347.8999938964844,348.8900146484375,345.510009765625,347.4327087402344,9744188
2025-05-15 11:30:00,340.3450012207031,342.25,334.7153015136719,339.1600036621094,47216098
2025-05-15 13:30:00,339.10009765625,346.1393127441406,338.4200134277344,345.3800048828125,21258574
2025-05-15 15:30:00,345.44000244140625,345.4800109863281,339.6000061035156,339.8399963378906,18007178
2025-05-15 16:00:00,339.8399963378906,344.1600036621094,339.8399963378906,342.7283935546875,7517899
2025-05-16 11:30:00,347.8450012207031,351.6199951171875,342.3299865722656,347.7049865722656,46525837
2025-05-16 13:30:00,347.6600036621094,349.29998779296875,346.2900085449219,347.8699951171875,16726133
2025-05-16 15:30:00,347.9200134277344,349.42999267578125,346.8599853515625,348.80999755859375,13751337
2025-05-16 16:00:00,348.8299865722656,349.92999267578125,347.8599853515625,349.79998779296875,7963739
2025-05-19 11:30:00,338.0,343.0,333.3800048828125,337.5150146484375,42676558
2025-05-19 13:30:00,337.5,342.85040283203125,333.79998779296875,342.00738525390625,18478414
2025-05-19 15:30:00,342.0,342.3900146484375,334.7799987792969,341.3450012207031,14423373
2025-05-19 16:00:00,341.3299865722656,342.7699890136719,341.2200012207031,341.92999267578125,6759962
2025-05-20 11:30:00,347.94000244140625,354.57330322265625,342.86749267578125,346.2950134277344,50682644
2025-05-20 13:30:00,346.29998779296875,352.1499938964844,345.8800048828125,350.3599853515625,28146014
2025-05-20 15:30:00,350.3399963378906,354.98040771484375,341.6300048828125,344.7349853515625,38706061
2025-05-20 16:00:00,344.79998779296875,345.8599853515625,342.7699890136719,343.760009765625,8610508
2025-05-21 11:30:00,344.42999267578125,347.2200012207031,341.54998779296875,345.3399963378906,38702795
2025-05-21 13:30:00,345.3399963378906,347.3500061035156,335.5400085449219,336.0,22846304
2025-05-21 15:30:00,336.0263977050781,340.22979736328125,332.20001220703125,333.3299865722656,26170627
2025-05-21 16:00:00,333.3299865722656,336.7799987792969,333.2325134277344,334.5299987792969,7846882
2025-05-22 11:30:00,331.94000244140625,344.5299987792969,331.3900146484375,342.9518127441406,46037212
2025-05-22 13:30:00,342.9100036621094,345.1499938964844,341.510009765625,344.7799987792969,17082107
2025-05-22 15:30:00,344.760009765625,347.2699890136719,343.9800109863281,346.4700012207031,18562106
2025-05-22 16:00:00,346.4700012207031,346.510009765625,340.6499938964844,340.9800109863281,9884659
2025-05-23 11:30:00,337.5150146484375,338.8500061035156,333.2099914550781,337.2900085449219,41102913
2025-05-23 13:30:00,337.2300109863281,343.17999267578125,336.27069091796875,343.03948974609375,18902268
2025-05-23 15:30:00,343.0299987792969,343.08990478515625,339.3371887207031,340.3550109863281,15169096
2025-05-23 16:00:00,340.30999755859375,341.2900085449219,339.0199890136719,339.3900146484375,6055857
2025-05-27 11:30:00,347.3500061035156,357.6000061035156,347.32000732421875,355.1099853515625,48590637
2025-05-27 13:30:00,355.0950012207031,363.0,354.8299865722656,361.5075988769531,25760418
2025-05-27 15:30:00,361.489990234375,363.7900085449219,358.6000061035156,359.8900146484375,24113633
2025-05-27 16:00:00,359.8999938964844,363.0,357.79998779296875,362.7510070800781,11523217
2025-05-28 11:30:00,364.8399963378906,365.0,358.6400146484375,362.95001220703125,42073385
2025-05-28 13:30:00,363.010009765625,363.3799133300781,360.510009765625,362.6199951171875,13850678
2025-05-28 15:30:00,362.5799865722656,363.989990234375,357.3599853515625,359.03900146484375,18412347
2025-05-28 16:00:00,359.0,359.1000061035156,355.9100036621094,356.9200134277344,7592388
2025-05-29 11:30:00,365.0,367.7099914550781,359.4400939941406,364.0820007324219,39191847
2025-05-29 13:30:00,364.04449462890625,364.3800048828125,360.3999938964844,361.114990234375,15618631
2025-05-29 15:30:00,361.14990234375,362.4100036621094,356.0,358.1499938964844,19931232
2025-05-29 16:00:00,358.1300048828125,359.6199035644531,357.0400085449219,358.45001220703125,6049230
2025-05-30 11:30:00,356.3598937988281,363.67999267578125,353.82000732421875,360.9100036621094,37345093
2025-05-30 13:30:00,360.8800048828125,361.5694885253906,345.2900085449219,348.4064025878906,30944196
2025-05-30 15:30:00,348.375,352.42999267578125,347.5799865722656,351.6683044433594,22182232
2025-05-30 16:00:00,351.6700134277344,352.2799987792969,345.45001220703125,345.760009765625,12567137
2025-06-02 11:30:00,342.75,348.010009765625,333.3299865722656,336.1099853515625,43178128
2025-06-02 13:30:00,336.1086120605469,339.010009765625,335.3800048828125,338.2099914550781,13738080
2025-06-02 15:30:00,338.2449951171875,342.599609375,337.8699951171875,342.1000061035156,15226338
2025-06-02 16:00:00,342.07000732421875,343.05999755859375,340.67999267578125,342.70001220703125,6050064
2025-06-03 11:30:00,346.5950012207031,351.76470947265625,343.85009765625,350.8699951171875,36974887
2025-06-03 13:30:00,350.8299865722656,355.3999938964844,349.8599853515625,354.4800109863281,17323961
2025-06-03 15:30:00,354.49920654296875,354.53460693359375,344.7200012207031,348.6000061035156,27796263
2025-06-03 16:00:00,348.5799865722656,348.5899963378906,343.0400085449219,344.4700012207031,10878002
2025-06-04 11:30:00,345.0950012207031,345.6000061035156,327.3341064453125,333.1600036621094,52697981
2025-06-04 13:30:00,333.2099914550781,335.04998779296875,330.79998779296875,332.8550109863281,16558940
2025-06-04 15:30:00,332.8699951171875,335.6199951171875,331.95001220703125,333.9200134277344,16607033
2025-06-04 16:00:00,333.94500732421875,335.05999755859375,332.0,332.2099914550781,6809129
2025-06-05 11:30:00,322.489990234375,324.5498962402344,312.3599853515625,321.68499755859375,64270814
2025-06-05 13:30:00,321.67999267578125,322.9800109863281,301.5,302.3500061035156,60940892
2025-06-05 15:30:00,302.3599853515625,305.0,273.2099914550781,281.75,99650796
2025-06-05 16:00:00,281.66009521484375,288.3692932128906,281.2001037597656,284.731689453125,38989144
2025-06-06 11:30:00,297.4700012207031,305.5,291.1401062011719,301.5400085449219,93355882
2025-06-06 13:30:00,301.5392150878906,302.5,299.12689208984375,300.06500244140625,23177975
2025-06-06 15:30:00,300.0643005371094,302.0,296.55999755859375,297.9898986816406,22021015
2025-06-06 16:00:00,297.94000244140625,298.2900085449219,293.1400146484375,295.125,15789319
2025-06-09 11:30:00,285.6028137207031,297.73870849609375,281.8500061035156,294.6355895996094,61052667
2025-06-09 13:30:00,294.70001220703125,297.8500061035156,293.79998779296875,297.05999755859375,18442657
2025-06-09 15:30:00,297.0899963378906,302.7998962402344,296.8900146484375,302.4599914550781,24097839
2025-06-09 16:00:00,302.4599914550781,309.8299865722656,302.0,308.65728759765625,22346933
2025-06-10 11:30:00,315.07000732421875,321.2200012207031,310.6669921875,318.54998779296875,63576260
2025-06-10 13:30:00,318.5884094238281,320.4200134277344,315.6400146484375,319.9800109863281,27031951
2025-06-10 15:30:00,320.0050048828125,325.94000244140625,318.26080322265625,325.6400146484375,33838617
2025-06-10 16:00:00,325.6300048828125,327.8299865722656,324.3599853515625,326.1499938964844,15827237
2025-06-11 11:30:00,334.05499267578125,335.5,328.20001220703125,331.9988098144531,58648080
2025-06-11 13:30:00,331.32000732421875,331.94000244140625,326.0299987792969,330.92999267578125,24280162
2025-06-11 15:30:00,330.9200134277344,331.0799865722656,322.7699890136719,324.94000244140625,26557881
2025-06-11 16:00:00,324.7850036621094,326.739990234375,323.2200012207031,326.489990234375,8294492
2025-06-12 11:30:00,323.07501220703125,329.3528137207031,322.7699890136719,326.3999938964844,40774352
2025-06-12 13:30:00,326.3599853515625,332.54998779296875,323.510009765625,325.09210205078125,27823732
2025-06-12 15:30:00,325.0849914550781,325.7699890136719,316.8800048828125,319.5,25000546
2025-06-12 16:00:00,319.4342041015625,319.7900085449219,318.3599853515625,319.17498779296875,6655412
2025-06-13 11:30:00,314.6650085449219,320.3900146484375,313.6099853515625,318.8500061035156,41958189
2025-06-13 13:30:00,318.8999938964844,332.9700012207031,318.6600036621094,332.1600036621094,37327314
2025-06-13 15:30:00,332.1993103027344,332.9800109863281,323.25,327.0450134277344,35269488
2025-06-13 16:00:00,327.0400085449219,327.989990234375,324.20001220703125,325.3500061035156,9496959
2025-06-16 11:30:00,331.17999267578125,332.04998779296875,326.4100036621094,330.2206115722656,38251003
2025-06-16 13:30:00,330.25,331.7300109863281,328.718505859375,329.239990234375,15775700
2025-06-16 15:30:00,329.1650085449219,330.6784973144531,327.2099914550781,329.6199951171875,16777616
2025-06-16 16:00:00,329.54998779296875,329.95001220703125,328.5199890136719,329.1099853515625,5945865
2025-06-17 11:30:00,326.2749938964844,326.5,319.45001220703125,320.1199951171875,32375383
2025-06-17 13:30:00,320.114990234375,321.7298889160156,317.3399963378906,318.5849914550781,21751954
2025-06-17 15:30:00,318.5299987792969,320.69000244140625,314.75,317.30999755859375,20827575
2025-06-17 16:00:00,317.3399963378906,318.70001220703125,316.19000244140625,316.2799987792969,7096714
2025-06-18 11:30:00,317.29998779296875,325.39990234375,315.45001220703125,324.989990234375,36325087
2025-06-18 13:30:00,324.8299865722656,329.29998779296875,321.4779968261719,321.9649963378906,24783099
2025-06-18 15:30:00,322.0400085449219,325.20001220703125,320.0899963378906,322.21710205078125,22793395
2025-06-18 16:00:00,322.2099914550781,324.3399963378906,321.75,322.0950012207031,6538903
2025-06-20 11:30:00,327.80999755859375,332.3599853515625,317.7799987792969,319.7200012207031,48587050
2025-06-20 13:30:00,319.8034973144531,325.9200134277344,319.8034973144531,321.4800109863281,23164900
2025-06-20 15:30:00,321.4814147949219,324.6499938964844,319.70001220703125,321.2900085449219,19312797
2025-06-20 16:00:00,321.28009033203125,322.79998779296875,319.6300964355469,322.1700134277344,7901547
2025-06-23 11:30:00,330.9383850097656,357.4700012207031,330.510009765625,353.3900146484375,96822619
2025-06-23 13:30:00,353.5199890136719,356.2492980957031,344.3999938964844,351.1199951171875,44241492
2025-06-23 15:30:00,351.19500732421875,354.8500061035156,348.3999938964844,348.75201416015625,26796452
2025-06-23 16:00:00,348.7349853515625,349.889892578125,346.44000244140625,348.7099914550781,11198543
2025-06-24 11:30:00,353.4601135253906,354.0168151855469,340.44000244140625,343.8349914550781,61067751
2025-06-24 13:30:00,343.75,344.57000732421875,341.29998779296875,342.239990234375,21513938
2025-06-24 15:30:00,342.2099914550781,343.7099914550781,341.1700134277344,341.8500061035156,16005952
2025-06-24 16:00:00,341.8500061035156,343.6000061035156,340.4800109863281,340.480712890625,8040310
2025-06-25 11:30:00,341.7900085449219,341.989990234375,320.3999938964844,326.07000732421875,66653508
2025-06-25 13:30:00,326.07000732421875,327.6099853515625,324.6807861328125,326.9849853515625,18211946
2025-06-25 15:30:00,327.0249938964844,328.3900146484375,322.6000061035156,327.5,20739933
2025-06-25 16:00:00,327.54730224609375,328.0799865722656,326.4700012207031,327.5899963378906,7672390
2025-06-26 11:30:00,326.54998779296875,331.04998779296875,324.2008972167969,325.76129150390625,42684745
2025-06-26 13:30:00,325.7900085449219,329.55999755859375,325.3900146484375,329.00439453125,14149848
2025-06-26 15:30:00,329.010009765625,329.1300048828125,324.75,327.80999755859375,13993088
2025-06-26 16:00:00,327.7799987792969,328.6600036621094,325.6400146484375,325.7699890136719,6203064
2025-06-27 11:30:00,324.4700012207031,329.33929443359375,320.07000732421875,325.5299987792969,35379271
2025-06-27 13:30:00,325.57000732421875,326.3800048828125,323.2200012207031,324.5050048828125,14041779
2025-06-27 15:30:00,324.3904113769531,325.8877868652344,317.4949951171875,321.20001220703125,25243095
2025-06-27 16:00:00,321.1995849609375,323.989990234375,320.8500061035156,323.79998779296875,7513695
2025-06-30 11:30:00,323.92999267578125,325.57989501953125,317.80999755859375,320.5899963378906,32807021
2025-06-30 13:30:00,320.5466003417969,322.7629089355469,319.5,319.8008117675781,12448869
2025-06-30 15:30:00,319.82000732421875,320.1000061035156,316.6000061035156,317.5436096191406,15589423
2025-06-30 16:00:00,317.489990234375,318.760009765625,316.8800048828125,317.6199951171875,6027666
2025-07-01 11:30:00,296.25,305.8800048828125,293.2099914550781,300.7773132324219,79533442
2025-07-01 13:30:00,300.7049865722656,304.626708984375,300.2500915527344,302.1000061035156,21912509
2025-07-01 15:30:00,302.1499938964844,303.1600036621094,298.3219909667969,302.8900146484375,24654122
2025-07-01 16:00:00,302.9100036621094,304.4299011230469,300.4800109863281,300.7099914550781,10331262
2025-07-02 11:30:00,312.57501220703125,316.8320007324219,303.82000732421875,313.82000732421875,70278533
2025-07-02 13:30:00,313.8599853515625,315.9800109863281,311.8900146484375,315.5267028808594,18202527
2025-07-02 15:30:00,315.527587890625,316.3800048828125,314.0799865722656,315.4100036621094,14924177
2025-07-02 16:00:00,315.0849914550781,315.69000244140625,312.68060302734375,315.6499938964844,8588119
2025-07-03 11:30:00,317.95001220703125,318.0,312.760009765625,316.35009765625,38936677
2025-07-03 13:30:00,316.375,318.45001220703125,315.69000244140625,317.08990478515625,9600374
2025-07-07 11:30:00,294.4088134765625,296.1499938964844,288.7701110839844,292.809814453125,71330269
2025-07-07 13:30:00,293.0050048828125,294.5199890136719,291.1000061035156,291.3399963378906,20783612
2025-07-07 15:30:00,291.30999755859375,294.3900146484375,291.20001220703125,293.9715881347656,19482777
2025-07-07 16:00:00,293.9599914550781,295.5299987792969,293.0,293.9200134277344,10470609
2025-07-08 11:30:00,296.8800048828125,304.0494079589844,295.6416015625,301.9150085449219,44873537
2025-07-08 13:30:00,301.909912109375,302.989990234375,300.7300109863281,301.5339050292969,15555460
2025-07-08 15:30:00,301.5199890136719,303.5799865722656,296.8599853515625,296.9555969238281,23532091
2025-07-08 16:00:00,296.9411926269531,298.5150146484375,294.3500061035156,297.8349914550781,13997477
2025-07-09 11:30:00,297.6050109863281,300.1499938964844,293.54998779296875,295.92999267578125,37675108
2025-07-09 13:30:00,295.9700012207031,296.3999938964844,294.29998779296875,294.510009765625,12730211
2025-07-09 15:30:00,294.522705078125,297.82000732421875,293.9100036621094,296.94000244140625,14263360
2025-07-09 16:00:00,296.9200134277344,297.7427978515625,295.75,295.82000732421875,7294086
2025-07-10 11:30:00,300.13018798828125,307.7799987792969,300.0,304.6860046386719,44734669
2025-07-10 13:30:00,304.6007995605469,304.92999267578125,301.54998779296875,301.8865966796875,15762417
2025-07-10 15:30:00,301.8830871582031,310.4800109863281,301.79998779296875,309.239990234375,25907547
2025-07-10 16:00:00,309.19488525390625,310.29998779296875,308.45001220703125,309.93499755859375,10510130
2025-07-11 11:30:00,307.6199951171875,311.9100036621094,305.6600036621094,307.71038818359375,32553777
2025-07-11 13:30:00,307.7200012207031,311.57000732421875,306.9599914550781,310.8599853515625,15789327
2025-07-11 15:30:00,310.8399963378906,313.4289855957031,309.8599853515625,312.67999267578125,17652043
2025-07-11 16:00:00,312.6549987792969,314.0899963378906,312.62060546875,313.5,8371920
2025-07-14 11:30:00,317.7300109863281,322.5986022949219,312.6700134277344,314.3800048828125,38177995
2025-07-14 13:30:00,314.3999938964844,316.659912109375,313.8800048828125,315.33758544921875,13416542
2025-07-14 15:30:00,315.3699951171875,316.7650146484375,312.8500061035156,316.3251953125,15382686
2025-07-14 16:00:00,316.3349914550781,317.2699890136719,315.67999267578125,316.9100036621094,6255543
2025-07-15 11:30:00,319.67498779296875,321.20001220703125,312.70001220703125,314.07049560546875,35815003
2025-07-15 13:30:00,314.1199951171875,315.48431396484375,312.80999755859375,314.0799865722656,13533473
2025-07-15 15:30:00,314.04998779296875,315.239990234375,310.5,311.4549865722656,15681504
2025-07-15 16:00:00,311.4700012207031,312.3800048828125,310.6600036621094,310.6600036621094,6387722
2025-07-16 11:30:00,312.79998779296875,321.1199951171875,312.6300048828125,319.5080871582031,47196492
2025-07-16 13:30:00,319.5050048828125,321.70001220703125,316.0799865722656,320.19500732421875,20705990
2025-07-16 15:30:00,320.2441101074219,322.95001220703125,318.6600036621094,322.0260925292969,16426056
2025-07-16 16:00:00,322.0400085449219,323.5,321.3800048828125,321.6700134277344,7666792
2025-07-17 11:30:00,323.1099853515625,324.3399963378906,319.8999938964844,322.1202087402344,33076968
2025-07-17 13:30:00,322.1300048828125,322.3999938964844,317.69500732421875,319.4599914550781,16703169
2025-07-17 15:30:00,319.4801025390625,319.8194885253906,317.060302734375,318.92999267578125,15641157
2025-07-17 16:00:00,318.9049987792969,319.7099914550781,318.44000244140625,319.3699951171875,5454882
2025-07-18 11:30:00,322.0,330.7099914550781,321.4200134277344,327.1606140136719,45412668
2025-07-18 13:30:00,327.20001220703125,329.0199890136719,324.840087890625,327.57000732421875,19136597
2025-07-18 15:30:00,327.55999755859375,330.8999938964844,327.12060546875,328.8399963378906,19155771
2025-07-18 16:00:00,328.8299865722656,329.8599853515625,328.1000061035156,329.54998779296875,6554328
2025-07-21 11:30:00,334.3599853515625,338.0,327.79998779296875,329.1528015136719,38629331
2025-07-21 13:30:00,329.1199951171875,330.3599853515625,326.8800048828125,329.7300109863281,15182057
2025-07-21 15:30:00,329.7200012207031,330.8299865722656,327.79998779296875,329.37921142578125,12656887
2025-07-21 16:00:00,329.3800048828125,329.8500061035156,327.9599914550781,328.5299987792969,4614530
2025-07-22 11:30:00,329.739990234375,331.6000061035156,321.54998779296875,329.6600036621094,31610647
2025-07-22 13:30:00,329.6499938964844,332.3500061035156,329.4307861328125,331.8815002441406,15617795
2025-07-22 15:30:00,331.8599853515625,335.4097900390625,329.8299865722656,333.5065002441406,20974653
2025-07-22 16:00:00,333.5,333.7699890136719,332.0,332.0799865722656,5520347
2025-07-23 11:30:00,330.8699951171875,334.6000061035156,329.010009765625,333.1099853515625,27490306
2025-07-23 13:30:00,333.04010009765625,336.1700134277344,328.6700134277344,330.8599853515625,18732375
2025-07-23 15:30:00,330.8559875488281,335.70001220703125,329.4100036621094,333.81500244140625,19502765
2025-07-23 16:00:00,333.81500244140625,334.3500061035156,332.0799865722656,333.0,6599207
2025-07-24 11:30:00,310.06500244140625,310.06500244140625,301.0,302.3052978515625,81084514
2025-07-24 13:30:00,302.2860107421875,304.989990234375,300.4100036621094,304.2732849121094,28228546
2025-07-24 15:30:00,304.2799987792969,306.7099914550781,302.17999267578125,306.6499938964844,24708832
2025-07-24 16:00:00,306.6400146484375,307.4800109863281,305.0,305.07000732421875,11708131
2025-07-25 11:30:00,308.739990234375,318.7300109863281,308.010009765625,318.4389953613281,53630373
2025-07-25 13:30:00,318.43170166015625,323.6300048828125,317.0,317.7850036621094,44694734
2025-07-25 15:30:00,317.7900085449219,318.5799865722656,312.70001220703125,314.21051025390625,33296543
2025-07-25 16:00:00,314.239990234375,316.7699890136719,313.80999755859375,316.1050109863281,10074181
2025-07-28 11:30:00,319.0801086425781,328.95001220703125,315.69000244140625,327.3900146484375,52651503
2025-07-28 13:30:00,327.3999938964844,330.4800109863281,326.75,328.1499938964844,25516291
2025-07-28 15:30:00,328.1600036621094,329.4656066894531,326.0600891113281,326.2300109863281,18350213
2025-07-28 16:00:00,326.20709228515625,327.20001220703125,325.3399963378906,325.5400085449219,8039572
2025-07-29 11:30:00,325.6524963378906,326.25,318.25,318.5101013183594,38314274
2025-07-29 13:30:00,318.5400085449219,322.2250061035156,318.3590087890625,320.44000244140625,19657221
2025-07-29 15:30:00,320.42999267578125,324.05999755859375,320.0921936035156,322.3800048828125,16859961
2025-07-29 16:00:00,322.3999938964844,322.5422058105469,320.7699890136719,321.3999938964844,6389846
2025-07-30 11:30:00,322.19500732421875,324.44989013671875,316.9100036621094,317.6698913574219,31973542
2025-07-30 13:30:00,317.6449890136719,319.3900146484375,317.3399963378906,317.8660888671875,14077499
2025-07-30 15:30:00,317.8699951171875,318.8500061035156,311.6174011230469,315.5899963378906,24502435
2025-07-30 16:00:00,315.6099853515625,319.260009765625,315.1400146484375,319.0400085449219,8661054
2025-07-31 11:30:00,319.7799987792969,321.3699035644531,311.5,312.4200134277344,31431600
2025-07-31 13:30:00,312.44989013671875,314.1000061035156,309.5899963378906,309.8840026855469,17338917
2025-07-31 15:30:00,309.85009765625,311.6499938964844,306.1000061035156,310.2001037597656,22506299
2025-07-31 16:00:00,310.2900085449219,310.7464904785156,307.94000244140625,308.19000244140625,6588832
2025-08-01 11:30:00,306.7200012207031,308.7598876953125,297.82000732421875,304.8550109863281,39092753
2025-08-01 13:30:00,304.8550109863281,309.30999755859375,302.739990234375,303.23638916015625,18563856
2025-08-01 15:30:00,303.2349853515625,304.8599853515625,301.1600036621094,301.9800109863281,18362795
2025-08-01 16:00:00,301.8900146484375,303.6700134277344,301.1000061035156,302.6099853515625,7145836
2025-08-04 11:30:00,309.05499267578125,312.114990234375,303.0000915527344,306.19500732421875,39413943
2025-08-04 13:30:00,306.1300048828125,309.75,305.6200866699219,308.489990234375,17012195
2025-08-04 15:30:00,308.4800109863281,310.8299865722656,307.48699951171875,308.99249267578125,12371080
2025-08-04 16:00:00,308.9649963378906,309.95001220703125,308.05999755859375,309.2998962402344,5121919
2025-08-05 11:30:00,307.2049865722656,312.44989013671875,305.5,306.9599914550781,27315799
2025-08-05 13:30:00,306.8999938964844,308.1899108886719,306.0317077636719,308.07000732421875,9824673
2025-08-05 15:30:00,308.1000061035156,310.9142150878906,308.0013122558594,309.635009765625,12374553
2025-08-05 16:00:00,309.6600036621094,310.1199951171875,308.4100036621094,308.67999267578125,4602111
2025-08-06 11:30:00,307.8900146484375,319.5,306.93450927734375,318.4949951171875,34714523
2025-08-06 13:30:00,318.489990234375,319.55999755859375,316.2099914550781,318.53350830078125,16157838
2025-08-06 15:30:00,318.54998779296875,320.4700012207031,317.8599853515625,319.2951965332031,15487925
2025-08-06 16:00:00,319.2699890136719,320.135009765625,318.4200134277344,319.9599914550781,6303663
2025-08-07 11:30:00,319.6099853515625,322.3999938964844,317.6199951171875,317.935302734375,28210762
2025-08-07 13:30:00,317.94000244140625,321.15948486328125,317.67999267578125,318.3900146484375,15901321
2025-08-07 15:30:00,318.3900146484375,319.1435852050781,316.1600036621094,318.95001220703125,11968972
2025-08-07 16:00:00,318.94500732421875,322.3599853515625,318.8399963378906,322.2900085449219,6650824
2025-08-08 11:30:00,321.42999267578125,334.989990234375,320.9800109863281,333.19000244140625,47613323
2025-08-08 13:30:00,333.1600036621094,333.3500061035156,328.510009765625,328.6600036621094,17525758
2025-08-08 15:30:00,328.6980895996094,330.8800048828125,328.20001220703125,328.6300048828125,13771773
2025-08-08 16:00:00,328.6300048828125,329.7298889160156,327.2200012207031,329.67999267578125,7748147
2025-08-11 11:30:00,335.0,344.2900085449219,334.1499938964844,344.07000732421875,47269348
2025-08-11 13:30:00,344.05499267578125,346.6400146484375,342.239990234375,342.4100036621094,24773523
2025-08-11 15:30:00,342.4115905761719,344.0899963378906,340.650390625,341.9700012207031,18850237
2025-08-11 16:00:00,342.010009765625,342.0799865722656,338.7900085449219,339.18499755859375,8402070
2025-08-12 11:30:00,345.04998779296875,345.260009765625,332.94000244140625,337.2650146484375,40691589
2025-08-12 13:30:00,337.30999755859375,340.08990478515625,336.25,338.7900085449219,15570720
2025-08-12 15:30:00,338.760009765625,341.44989013671875,337.0299987792969,340.8599853515625,13841181
2025-08-12 16:00:00,340.8800048828125,342.42999267578125,340.3800048828125,340.7550048828125,6284590
2025-08-13 11:30:00,341.8800048828125,348.9800109863281,338.54998779296875,340.7850036621094,35497966
2025-08-13 13:30:00,340.81500244140625,342.3299865722656,339.25,341.5050048828125,12734502
2025-08-13 15:30:00,341.5050048828125,341.8197937011719,338.2300109863281,340.7200012207031,12044314
2025-08-13 16:00:00,340.760009765625,341.25,339.20001220703125,339.3399963378906,4064061
2025-08-14 11:30:00,335.760009765625,340.46990966796875,331.2821960449219,332.5498962402344,30562940
2025-08-14 13:30:00,332.5356140136719,334.1300048828125,330.3999938964844,333.96270751953125,20166271
2025-08-14 15:30:00,333.9750061035156,334.87060546875,332.760009765625,334.3699951171875,13764699
2025-08-14 16:00:00,334.3800048828125,336.0299987792969,334.010009765625,335.57000732421875,5623605
2025-08-15 11:30:00,337.6549987792969,339.29998779296875,331.8500061035156,332.9057922363281,27036778
2025-08-15 13:30:00,332.875,333.55499267578125,327.0199890136719,330.8999938964844,22338942
2025-08-15 15:30:00,330.8800964355469,331.69989013671875,328.0,329.05999755859375,13731038
2025-08-15 16:00:00,329.0899963378906,330.6700134277344,328.57000732421875,330.6000061035156,6091565
2025-08-18 11:30:00,329.5899963378906,334.2698974609375,329.5899963378906,333.0249938964844,24659570
2025-08-18 13:30:00,333.0400085449219,335.349609375,332.70001220703125,334.76251220703125,12209239
2025-08-18 15:30:00,334.7749938964844,336.2699890136719,333.66009521484375,334.8500061035156,10621393
2025-08-18 16:00:00,334.82000732421875,335.3299865722656,333.8616943359375,335.1499938964844,4677572
2025-08-19 11:30:00,335.7900085449219,340.54998779296875,330.6499938964844,332.1700134277344,38390536
2025-08-19 13:30:00,332.1499938964844,333.989990234375,327.8500061035156,329.70001220703125,16456051
2025-08-19 15:30:00,329.6199951171875,330.8599853515625,328.0,329.94000244140625,11708909
2025-08-19 16:00:00,329.8999938964844,330.5899963378906,329.07501220703125,329.32000732421875,4661536
2025-08-20 11:30:00,329.922607421875,331.3699951171875,314.6000061035156,320.0566101074219,38515776
2025-08-20 13:30:00,320.0299987792969,322.3399963378906,317.489990234375,321.05499267578125,15687135
2025-08-20 15:30:00,321.04998779296875,324.05999755859375,319.55010986328125,322.9800109863281,14712810
2025-08-20 16:00:00,322.97088623046875,324.7900085449219,322.6400146484375,323.9150085449219,5150852
2025-08-21 11:30:00,322.0,324.8999938964844,319.6600036621094,321.9006042480469,24483196
2025-08-21 13:30:00,321.8800048828125,323.20001220703125,318.67999267578125,319.3599853515625,12753319
2025-08-21 15:30:00,319.3299865722656,322.6000061035156,319.1300048828125,322.0150146484375,10878277
2025-08-21 16:00:00,322.0299987792969,322.1095886230469,320.0299987792969,320.0400085449219,4170369
2025-08-22 11:30:00,320.1199951171875,337.69989013671875,319.69000244140625,335.55999755859375,44047533
2025-08-22 13:30:00,335.5450134277344,338.3299865722656,333.760009765625,338.02178955078125,18452145
2025-08-22 15:30:00,338.0350036621094,339.54998779296875,337.1300048828125,338.5000915527344,15912839
2025-08-22 16:00:00,338.510009765625,340.25,337.3399963378906,340.010009765625,9317874
2025-08-25 11:30:00,338.8900146484375,343.44000244140625,335.0299987792969,343.3399963378906,33054626
2025-08-25 13:30:00,343.364990234375,348.70001220703125,343.1400146484375,348.34991455078125,22596239
2025-08-25 15:30:00,348.3500061035156,349.5299987792969,346.05999755859375,348.4601135253906,18830140
2025-08-25 16:00:00,348.5,348.7049865722656,346.5,346.5950012207031,7634926
2025-08-26 11:30:00,345.9700012207031,349.1400146484375,344.29998779296875,347.07000732421875,29640175
2025-08-26 13:30:00,347.0400085449219,347.2799987792969,343.7200012207031,347.1000061035156,14334591
2025-08-26 15:30:00,347.135009765625,350.0,345.07501220703125,349.70001220703125,15070051
2025-08-26 16:00:00,349.7200012207031,351.8999938964844,349.1199951171875,351.7699890136719,9820010
2025-08-27 11:30:00,351.94000244140625,355.3900146484375,349.7799987792969,352.9800109863281,30274767
2025-08-27 13:30:00,353.010009765625,353.32000732421875,349.156005859375,350.9849853515625,14141927
2025-08-27 15:30:00,350.9873962402344,352.0299987792969,349.32000732421875,349.9115905761719,11117089
2025-08-27 16:00:00,349.9200134277344,351.1000061035156,349.45001220703125,349.5,5456036
2025-08-28 11:30:00,350.9849853515625,353.54998779296875,341.6099853515625,341.92999267578125,31235249
2025-08-28 13:30:00,341.9549865722656,344.32000732421875,340.2699890136719,343.4549865722656,15854476
2025-08-28 15:30:00,343.4599914550781,346.5,343.4599914550781,346.45001220703125,11314437
2025-08-28 16:00:00,346.44000244140625,346.8699951171875,345.79998779296875,345.79998779296875,5673146
2025-08-29 11:30:00,347.2300109863281,348.7499084472656,337.4800109863281,338.9200134277344,30966224
2025-08-29 13:30:00,338.90008544921875,339.0899963378906,332.6499938964844,333.7449951171875,20742125
2025-08-29 15:30:00,333.7474060058594,334.4100036621094,331.70001220703125,332.114990234375,14450918
2025-08-29 16:00:00,332.12091064453125,334.4800109863281,332.1156921386719,333.9700012207031,8965451
2025-09-02 11:30:00,327.0,333.3283996582031,325.6000061035156,328.40850830078125,26980822
2025-09-02 13:30:00,328.3800048828125,330.3900146484375,327.0299987792969,329.79998779296875,11980599
2025-09-02 15:30:00,329.82000732421875,330.6400146484375,327.8699951171875,329.2850036621094,10121826
2025-09-02 16:00:00,329.2850036621094,329.877197265625,328.94000244140625,329.3699951171875,4153662
2025-09-03 11:30:00,335.1000061035156,342.5299987792969,328.510009765625,340.1499938964844,42807987
2025-09-03 13:30:00,340.1700134277344,343.3299865722656,339.3399963378906,341.7449951171875,16945079
2025-09-03 15:30:00,341.7611999511719,342.0299072265625,334.6199951171875,335.6278076171875,18620145
2025-09-03 16:00:00,335.6283874511719,337.1487121582031,334.010009765625,334.0400085449219,6772611
2025-09-04 11:30:00,336.1700134277344,337.635009765625,331.4800109863281,334.7909851074219,28282903
2025-09-04 13:30:00,334.7703857421875,336.1000061035156,332.8601989746094,335.0799865722656,11595239
2025-09-04 15:30:00,335.0516052246094,337.7300109863281,334.7572937011719,336.8500061035156,11141218
2025-09-04 16:00:00,336.8800048828125,338.8900146484375,336.739990234375,338.56451416015625,5320932
2025-09-05 11:30:00,350.25830078125,355.8699951171875,344.68011474609375,348.55999755859375,57261851
2025-09-05 13:30:00,348.57000732421875,353.0,345.8399963378906,352.07501220703125,18701569
2025-09-05 15:30:00,352.04998779296875,352.2892150878906,347.864990234375,348.82000732421875,19852520
2025-09-05 16:00:00,348.83880615234375,351.2699890136719,348.0400085449219,350.79998779296875,7999249
2025-09-08 11:30:00,354.68798828125,358.0,347.45001220703125,349.283203125,37118013
2025-09-08 13:30:00,349.2799987792969,350.29998779296875,344.8399963378906,347.42999267578125,17427106
2025-09-08 15:30:00,347.4800109863281,347.6300048828125,344.8999938964844,346.1000061035156,12271768
2025-09-08 16:00:00,346.1300048828125,346.95001220703125,345.75,346.3999938964844,5156464
2025-09-09 11:30:00,347.2669982910156,350.760009765625,343.82000732421875,346.3800048828125,27627212
2025-09-09 13:30:00,346.3500061035156,348.5,346.0705871582031,346.894287109375,10702548
2025-09-09 15:30:00,346.92999267578125,347.8399963378906,345.70001220703125,346.3500061035156,9407249
2025-09-09 16:00:00,346.3599853515625,347.20001220703125,346.0849914550781,347.0400085449219,4181752
2025-09-10 11:30:00,350.70001220703125,356.32000732421875,346.07000732421875,354.6702880859375,33066851
2025-09-10 13:30:00,354.7200012207031,355.79998779296875,352.69000244140625,354.260009765625,12895906
2025-09-10 15:30:00,354.260986328125,356.2799987792969,347.1600036621094,347.45001220703125,16133378
2025-09-10 16:00:00,347.4800109863281,350.260009765625,347.3949890136719,347.7900085449219,6718007
2025-09-11 11:30:00,350.2200012207031,363.29998779296875,347.6000061035156,361.6300048828125,35145773
2025-09-11 13:30:00,361.6099853515625,364.32000732421875,360.17999267578125,364.089111328125,28773355
2025-09-11 15:30:00,364.0849914550781,368.3500061035156,363.6600036621094,367.06500244140625,24766163
2025-09-11 16:00:00,367.07000732421875,368.989990234375,365.82000732421875,368.7950134277344,8326710
2025-09-12 11:30:00,371.87530517578125,394.19000244140625,371.75,388.2250061035156,80196365
2025-09-12 13:30:00,388.2250061035156,395.989990234375,387.79998779296875,393.6000061035156,32885045
2025-09-12 15:30:00,393.57000732421875,396.6899108886719,392.6099853515625,393.9800109863281,31757276
2025-09-12 16:00:00,393.9599914550781,396.5,391.8800964355469,396.0,12162526
2025-09-15 11:30:00,423.20001220703125,425.69989013671875,414.29998779296875,422.3999938964844,86790885
2025-09-15 13:30:00,422.4100036621094,422.7300109863281,415.7900085449219,417.5249938964844,22297023
2025-09-15 15:30:00,417.5,418.20001220703125,402.43011474609375,407.7300109863281,37545238
2025-09-15 16:00:00,407.7099914550781,411.239990234375,406.4100036621094,410.2449951171875,10594928
2025-09-16 11:30:00,414.4949951171875,421.1499938964844,411.42999267578125,418.5801086425781,49829959
2025-09-16 13:30:00,418.6000061035156,422.1199951171875,417.0600891113281,418.77508544921875,21737119
2025-09-16 15:30:00,418.7749938964844,420.95001220703125,417.5,420.5530090332031,14487803
2025-09-16 16:00:00,420.54998779296875,423.25,420.5,421.54998779296875,9887949
2025-09-17 11:30:00,415.6050109863281,418.6099853515625,409.6700134277344,417.20001220703125,37011466
2025-09-17 13:30:00,417.1700134277344,420.4200134277344,416.6099853515625,419.73260498046875,14732014
2025-09-17 15:30:00,419.76141357421875,427.92999267578125,411.7699890136719,427.135009765625,39112577
2025-09-17 16:00:00,427.135009765625,428.3121032714844,425.29998779296875,425.5899963378906,10716030
2025-09-18 11:30:00,428.864990234375,432.21990966796875,421.95001220703125,424.7742004394531,39889872
2025-09-18 13:30:00,424.8299865722656,426.82000732421875,420.8299865722656,423.4200134277344,20672583
2025-09-18 15:30:00,423.3830871582031,424.8500061035156,420.0,422.4599914550781,14936005
2025-09-18 16:00:00,422.3800048828125,422.489990234375,416.55999755859375,416.7099914550781,8578246
2025-09-19 11:30:00,421.9700012207031,429.4700012207031,421.7200012207031,423.8244934082031,41783775
2025-09-19 13:30:00,423.82000732421875,424.9599914550781,421.8699951171875,423.53729248046875,15940372
2025-09-19 15:30:00,423.55499267578125,426.7099914550781,423.0,425.9573974609375,13522908
2025-09-19 16:00:00,426.010009765625,427.0,425.20001220703125,425.8699951171875,6152943
2025-09-22 11:30:00,431.1600036621094,444.9798889160156,429.1300048828125,442.5400085449219,46205520
2025-09-22 13:30:00,442.54998779296875,442.7699890136719,429.8999938964844,433.0299987792969,24018529
2025-09-22 15:30:00,432.989990234375,436.0,432.6000061035156,435.7749938964844,15558895
2025-09-22 16:00:00,435.8045959472656,436.29998779296875,433.3299865722656,434.0,6180090
2025-09-23 11:30:00,440.0150146484375,440.9700012207031,430.875,432.510009765625,25063047
2025-09-23 13:30:00,432.510009765625,436.0400085449219,432.4100036621094,433.6650085449219,11444213
2025-09-23 15:30:00,433.6199951171875,434.7799987792969,423.7200012207031,428.17999267578125,34338936
2025-09-23 16:00:00,428.2200012207031,429.4599914550781,425.54998779296875,425.8299865722656,6584979
2025-09-24 11:30:00,429.8299865722656,440.5400085449219,429.03009033203125,439.3299865722656,29970344
2025-09-24 13:30:00,439.3428955078125,440.5,433.2799987792969,439.50689697265625,16290662
2025-09-24 15:30:00,439.5,443.95001220703125,437.7200012207031,443.4949951171875,16373194
2025-09-24 16:00:00,443.4700012207031,444.2099914550781,442.1700134277344,442.7699890136719,6702598
2025-09-25 11:30:00,435.239990234375,435.239990234375,423.41290283203125,426.8399963378906,33911030
2025-09-25 13:30:00,426.8299865722656,430.1700134277344,425.8999938964844,426.9371032714844,11632865
2025-09-25 15:30:00,426.9100036621094,427.6000061035156,419.0799865722656,425.79998779296875,18890424
2025-09-25 16:00:00,425.80499267578125,426.5400085449219,422.9800109863281,423.2300109863281,5175650
2025-09-26 11:30:00,428.385009765625,434.6000061035156,421.0199890136719,429.6127014160156,33004371
2025-09-26 13:30:00,429.6000061035156,433.2699890136719,427.20001220703125,433.0899963378906,12901024
2025-09-26 15:30:00,433.0906066894531,440.25,432.7405090332031,439.4100036621094,19856810
2025-09-26 16:00:00,439.4599914550781,440.4700012207031,437.9100036621094,440.4198913574219,6673146
2025-09-29 11:30:00,444.3550109863281,450.9800109863281,440.80999755859375,442.2650146484375,32126559
2025-09-29 13:30:00,442.32000732421875,442.7300109863281,439.5,441.760009765625,12701120
2025-09-29 15:30:00,441.8299865722656,443.8500061035156,440.3999938964844,440.75,9557375
2025-09-29 16:00:00,440.760009765625,443.6400146484375,440.7190856933594,443.2099914550781,3918174
2025-09-30 11:30:00,441.5899963378906,443.57989501953125,436.7099914550781,437.9750061035156,21554486
2025-09-30 13:30:00,437.92999267578125,438.3500061035156,433.1199951171875,437.4599914550781,12371220
2025-09-30 15:30:00,437.5,444.4100036621094,436.4497985839844,444.0400085449219,14991368
2025-09-30 16:00:00,444.0299987792969,445.0,443.0,444.5400085449219,5238816
2025-10-01 11:30:00,443.739990234375,458.8699951171875,440.760009765625,454.8550109863281,35658719
2025-10-01 13:30:00,454.8500061035156,459.1000061035156,452.4800109863281,458.4700012207031,15287216
2025-10-01 15:30:00,458.4830017089844,461.42999267578125,457.8999938964844,460.19500732421875,32780014
2025-10-01 16:00:00,460.2200012207031,462.2900085449219,459.010009765625,459.4700012207031,8367870
2025-10-02 11:30:00,470.5400085449219,470.75,449.340087890625,450.3039855957031,62627465
2025-10-02 13:30:00,450.3492126464844,451.1400146484375,441.4599914550781,445.8900146484375,29797312
2025-10-02 15:30:00,445.8900146484375,446.7799987792969,438.45001220703125,442.7799987792969,26732380
2025-10-02 16:00:00,442.7850036621094,443.0400085449219,435.57000732421875,435.9700012207031,11471953
2025-10-03 11:30:00,443.2850036621094,446.7699890136719,424.7200012207031,430.82000732421875,57951652
2025-10-03 13:30:00,430.8349914550781,431.84991455078125,419.55999755859375,420.93499755859375,28213385
2025-10-03 15:30:00,420.92999267578125,429.2398986816406,416.57501220703125,428.1650085449219,32235249
2025-10-03 16:00:00,428.17498779296875,430.2273864746094,426.5889892578125,429.8399963378906,9199674
2025-10-06 11:30:00,440.9100036621094,447.42999267578125,436.82000732421875,446.07000732421875,39334825
2025-10-06 13:30:00,446.1099853515625,449.989990234375,444.70111083984375,448.80950927734375,16524804
2025-10-06 15:30:00,448.7950134277344,453.5198974609375,447.79998779296875,452.0899963378906,15182633
2025-10-06 16:00:00,452.1000061035156,453.54998779296875,449.82000732421875,453.3599853515625,7434737
2025-10-07 11:30:00,447.8599853515625,452.67999267578125,439.7699890136719,443.5799865722656,35525364
2025-10-07 13:30:00,443.423095703125,448.93011474609375,436.3210144042969,448.6499938964844,20047410
2025-10-07 15:30:00,448.6000061035156,450.19989013671875,432.79998779296875,434.6180114746094,29421002
2025-10-07 16:00:00,434.6099853515625,438.05999755859375,432.4501037597656,432.8699951171875,9974029
2025-10-08 11:30:00,437.75799560546875,437.7699890136719,425.2300109863281,433.9800109863281,33552009
2025-10-08 13:30:00,433.93310546875,436.9989929199219,432.1401062011719,435.7025146484375,11975718
2025-10-08 15:30:00,435.739990234375,441.3299865722656,434.1499938964844,437.93499755859375,15692931
2025-10-08 16:00:00,437.8399963378906,440.0899963378906,437.4800109863281,438.6000061035156,5391436
2025-10-09 11:30:00,431.70001220703125,434.3399963378906,426.17999267578125,429.385009765625,32010383
2025-10-09 13:30:00,429.385009765625,434.0,428.70001220703125,429.80999755859375,14702492
2025-10-09 15:30:00,429.739990234375,436.2594909667969,427.4590148925781,435.385009765625,14923622
2025-10-09 16:00:00,435.4049987792969,436.3500061035156,434.40008544921875,435.5299987792969,4845282
2025-10-10 11:30:00,436.5,443.1300048828125,423.0,424.5899963378906,39518359
2025-10-10 13:30:00,424.5899963378906,426.5199890136719,415.44000244140625,419.55999755859375,32091261
2025-10-10 15:30:00,419.4200134277344,420.34991455078125,413.3699951171875,414.2900085449219,18023430
2025-10-10 16:00:00,414.3500061035156,416.1600036621094,411.45001220703125,413.29998779296875,10787182
2025-10-13 11:30:00,423.70001220703125,428.989990234375,419.70001220703125,425.82501220703125,32064647
2025-10-13 13:30:00,425.760009765625,429.32989501953125,424.5400085449219,429.0083923339844,12694735
2025-10-13 15:30:00,429.0199890136719,436.8900146484375,428.42999267578125,433.20001220703125,21439940
2025-10-13 16:00:00,433.1099853515625,436.29998779296875,432.54998779296875,435.8999938964844,6835398
2025-10-14 11:30:00,426.7900085449219,426.8299865722656,417.8599853515625,423.9100036621094,31235135
2025-10-14 13:30:00,423.9999084472656,434.20001220703125,423.7300109863281,432.23919677734375,19179679
2025-10-14 15:30:00,432.260009765625,434.14990234375,430.5,432.3949890136719,10845140
2025-10-14 16:00:00,432.3974914550781,432.4800109863281,426.8800048828125,429.2300109863281,6672158
2025-10-15 11:30:00,434.79998779296875,440.510009765625,429.70001220703125,437.3299865722656,32257984
2025-10-15 13:30:00,437.3590087890625,438.04998779296875,426.3301086425781,428.68499755859375,18086953
2025-10-15 15:30:00,428.7749938964844,435.2699890136719,428.44000244140625,434.85198974609375,12965458
2025-10-15 16:00:00,434.864990234375,435.42999267578125,432.4599914550781,435.19000244140625,5068441
2025-10-16 11:30:00,434.75,439.3500061035156,431.75,435.57989501953125,26768146
2025-10-16 13:30:00,435.3999938964844,436.2099914550781,425.80999755859375,431.04998779296875,21450734
2025-10-16 15:30:00,430.9200134277344,431.6499938964844,421.3100891113281,425.3299865722656,19035256
2025-10-16 16:00:00,425.29998779296875,430.4352111816406,424.5,428.5849914550781,6203113
2025-10-17 11:30:00,425.5,440.75,423.6000061035156,433.2434997558594,41865628
2025-10-17 13:30:00,433.3599853515625,439.3299865722656,430.80999755859375,436.55999755859375,18286229
2025-10-17 15:30:00,436.635009765625,441.455810546875,436.1099853515625,439.3999938964844,17926907
2025-10-17 16:00:00,439.42999267578125,439.8999938964844,437.6499938964844,439.2699890136719,6909285
2025-10-20 11:30:00,443.7875061035156,449.79998779296875,440.6099853515625,443.03009033203125,30547201
2025-10-20 13:30:00,443.05999755859375,447.2499084472656,441.9100036621094,443.2513122558594,12964256
2025-10-20 15:30:00,443.2178955078125,446.8999938964844,442.52081298828125,446.57000732421875,11040441
2025-10-20 16:00:00,446.5799865722656,447.9779968261719,446.3500061035156,447.3500061035156,5024663
2025-10-21 11:30:00,445.7550048828125,448.75,442.04998779296875,446.289306640625,23884432
2025-10-21 13:30:00,446.25,449.29998779296875,444.75201416015625,445.697998046875,13593142
2025-10-21 15:30:00,445.6716003417969,446.5,444.32000732421875,445.2699890136719,8741111
2025-10-21 16:00:00,445.2300109863281,446.54998779296875,442.5,442.510009765625,4988781
2025-10-22 11:30:00,443.45001220703125,445.39990234375,431.875,433.25,29126924
2025-10-22 13:30:00,433.29998779296875,436.3599853515625,429.0,432.92498779296875,16163602
2025-10-22 15:30:00,432.92999267578125,438.3900146484375,429.54998779296875,437.7749938964844,16698453
2025-10-22 16:00:00,437.79998779296875,439.5899963378906,437.0299987792969,438.8399963378906,7018353
2025-10-23 11:30:00,420.1000061035156,431.8800048828125,413.8999938964844,430.8900146484375,52005677
2025-10-23 13:30:00,430.864990234375,449.39990234375,430.760009765625,446.15008544921875,35993707
2025-10-23 15:30:00,446.135009765625,448.8399963378906,441.55999755859375,446.8399963378906,23468094
2025-10-23 16:00:00,446.7626037597656,449.29998779296875,445.9100036621094,448.9949951171875,9908004
2025-10-24 11:30:00,446.9800109863281,451.67999267578125,437.8399963378906,441.2669982910156,40497238
2025-10-24 13:30:00,441.239990234375,441.3699951171875,434.510009765625,435.1736145019531,19299046
2025-10-24 15:30:00,435.1600036621094,436.4200134277344,430.5,433.2669982910156,21135424
2025-10-24 16:00:00,433.25079345703125,434.1400146484375,430.1700134277344,433.5899963378906,8407232
2025-10-27 11:30:00,439.8900146484375,455.19000244140625,438.69000244140625,454.0799865722656,41136591
2025-10-27 13:30:00,454.0650939941406,459.1499938964844,453.5799865722656,458.0,24859670
2025-10-27 15:30:00,457.9800109863281,460.1600036621094,447.260009765625,448.29559326171875,25225696
2025-10-27 16:00:00,448.2898864746094,453.8999938964844,447.6000061035156,452.3500061035156,8671159
2025-10-28 11:30:00,454.6000061035156,465.29998779296875,451.6000061035156,464.4100036621094,36883333
2025-10-28 13:30:00,464.3699951171875,467.0,462.6618957519531,464.2099914550781,16854007
2025-10-28 15:30:00,464.20001220703125,465.0400085449219,458.57000732421875,461.92010498046875,17780672
2025-10-28 16:00:00,461.9700012207031,463.1199951171875,458.6700134277344,460.5400085449219,5463844
2025-10-29 11:30:00,462.42498779296875,465.70001220703125,456.7900085449219,458.8734130859375,27795946
2025-10-29 13:30:00,458.8900146484375,462.0,457.5516052246094,459.0,10453919
2025-10-29 15:30:00,458.8800048828125,462.95001220703125,452.6499938964844,461.1250915527344,20701058
2025-10-29 16:00:00,461.1300048828125,461.9200134277344,459.2300109863281,461.4700012207031,5581970
2025-10-30 11:30:00,451.04998779296875,455.0606994628906,441.79998779296875,442.614990234375,24605261
2025-10-30 13:30:00,442.5873107910156,446.75,439.6099853515625,445.8799133300781,12685547
2025-10-30 15:30:00,445.8034973144531,445.8699951171875,440.79998779296875,441.94500732421875,8229777
2025-10-30 16:00:00,441.9800109863281,443.0,440.0,440.07000732421875,3932980
2025-10-31 11:30:00,446.7300109863281,457.7278137207031,446.1000061035156,456.32550048828125,23215004
2025-10-31 13:30:00,456.2799987792969,456.6400146484375,443.68548583984375,444.7795104980469,15604081
2025-10-31 15:30:00,444.7200012207031,454.3999938964844,444.5,454.0899963378906,14608588
2025-10-31 16:00:00,454.1400146484375,456.8800048828125,453.1099853515625,456.5199890136719,5309239
2025-11-03 11:30:00,455.989990234375,474.07000732421875,453.8800048828125,468.94989013671875,32685264
2025-11-03 13:30:00,468.94500732421875,470.7898864746094,465.3059997558594,468.306396484375,13391786
2025-11-03 15:30:00,468.30999755859375,470.72119140625,464.6499938964844,469.32000732421875,11557422
2025-11-03 16:00:00,469.3500061035156,470.27880859375,468.2200012207031,468.42999267578125,4240033
2025-11-04 11:30:00,454.3699951171875,460.2200012207031,447.69000244140625,452.79998779296875,26258449
2025-11-04 13:30:00,452.79998779296875,454.6593933105469,446.3699951171875,447.6000061035156,14048375
2025-11-04 15:30:00,447.5799865722656,451.5400085449219,443.8599853515625,448.5,13769405
2025-11-04 16:00:00,448.5199890136719,449.4617004394531,443.80999755859375,444.2300109863281,5665507
2025-11-05 11:30:00,451.9200134277344,455.3900146484375,440.7099914550781,450.94000244140625,25479960
2025-11-05 13:30:00,450.9399108886719,458.20001220703125,450.05999755859375,457.9576110839844,12136731
2025-11-05 15:30:00,457.9735107421875,466.32989501953125,457.1000061035156,461.6300048828125,17177265
2025-11-05 16:00:00,461.6200866699219,462.7699890136719,459.6401062011719,462.25,5650818
2025-11-06 11:30:00,461.9599914550781,467.45001220703125,437.6400146484375,441.114990234375,33605258
2025-11-06 13:30:00,441.0899963378906,447.739990234375,435.0899963378906,446.8299865722656,20174082
2025-11-06 15:30:00,446.82000732421875,451.4599914550781,446.29998779296875,449.10009765625,17571143
2025-11-06 16:00:00,449.1099853515625,449.8599853515625,444.18499755859375,446.1099853515625,5949251
2025-11-07 11:30:00,437.8900146484375,437.9425048828125,423.3999938964844,428.239990234375,35381890
2025-11-07 13:30:00,428.19000244140625,429.8900146484375,421.8800048828125,429.8075866699219,16267348
2025-11-07 15:30:00,429.8099060058594,437.6000061035156,429.1000061035156,431.07659912109375,15269313
2025-11-07 16:00:00,431.1571960449219,432.3500061035156,428.1700134277344,429.3800048828125,5689978
2025-11-10 11:30:00,439.6300048828125,449.6715087890625,433.3599853515625,446.8800048828125,29038695
2025-11-10 13:30:00,446.8500061035156,449.42999267578125,444.32000732421875,444.5950012207031,12058885
2025-11-10 15:30:00,444.58221435546875,447.70001220703125,442.0799865722656,444.6105041503906,11295009
2025-11-10 16:00:00,444.5799865722656,446.04998779296875,443.54998779296875,445.260009765625,4032161
2025-11-11 11:30:00,439.3999938964844,442.489990234375,432.739990234375,433.3699951171875,22065644
2025-11-11 13:30:00,433.3699951171875,436.7099914550781,432.3599853515625,435.8301086425781,11124603
2025-11-11 15:30:00,435.8599853515625,437.8500061035156,434.08221435546875,436.9800109863281,8802393
2025-11-11 16:00:00,436.9700012207031,440.45989990234375,436.4100036621094,439.3999938964844,4057469
2025-11-12 11:30:00,442.1099853515625,442.3290100097656,427.42999267578125,430.1787109375,21123632
2025-11-12 13:30:00,430.1099853515625,432.3299865722656,426.55999755859375,431.4292907714844,10069106
2025-11-12 15:30:00,431.3900146484375,431.889892578125,429.0,431.239990234375,7695873
2025-11-12 16:00:00,431.25,432.75,430.07000732421875,430.6199951171875,3458286
2025-11-13 11:30:00,423.17498779296875,424.5,404.1300048828125,407.0799865722656,36326876
2025-11-13 13:30:00,407.0899963378906,407.8999938964844,397.60009765625,398.3599853515625,24101327
2025-11-13 15:30:00,398.3599853515625,403.57000732421875,396.42010498046875,402.2099914550781,20818323
2025-11-13 16:00:00,402.2099914550781,404.3299865722656,399.30999755859375,401.9010009765625,6886920
2025-11-14 11:30:00,386.239990234375,410.32000732421875,382.7799987792969,408.3900146484375,42398608
2025-11-14 13:30:00,408.3699951171875,412.19000244140625,404.8699951171875,405.92999267578125,16963067
2025-11-14 15:30:00,405.8900146484375,410.4200134277344,404.5299987792969,406.7200012207031,12512306
2025-11-14 16:00:00,406.6600036621094,407.07000732421875,403.5299987792969,404.3299865722656,4812946
2025-11-17 11:30:00,398.8900146484375,418.8299865722656,398.8309020996094,418.75,32367708
2025-11-17 13:30:00,418.7300109863281,423.9599914550781,411.239990234375,412.32000732421875,20746629
2025-11-17 15:30:00,412.2799987792969,413.82000732421875,404.80999755859375,406.82000732421875,18036892
2025-11-17 16:00:00,406.8399963378906,409.79998779296875,404.92999267578125,408.9800109863281,5620139
2025-11-18 11:30:00,405.3800048828125,408.8999938964844,393.7099914550781,404.0799865722656,30556471
2025-11-18 13:30:00,404.05499267578125,408.6000061035156,401.260009765625,404.1036071777344,14666564
2025-11-18 15:30:00,404.0849914550781,406.6000061035156,400.7900085449219,402.1300048828125,11903245
2025-11-18 16:00:00,402.1499938964844,403.4916076660156,401.0,401.260009765625,4077679
2025-11-19 11:30:00,406.2099914550781,411.7799987792969,400.401611328125,408.9241027832031,25939508
2025-11-19 13:30:00,408.93499755859375,409.4808044433594,398.5,400.235107421875,13825525
2025-11-19 15:30:00,400.2099914550781,406.0,399.8599853515625,404.60650634765625,10076815
2025-11-19 16:00:00,404.5799865722656,405.5398864746094,401.75,404.07000732421875,3623899
2025-11-20 11:30:00,414.6300048828125,428.94000244140625,414.6300048828125,418.3124084472656,34936358
2025-11-20 13:30:00,418.2799987792969,419.1099853515625,398.4800109863281,405.20001220703125,26945688
2025-11-20 15:30:00,405.19000244140625,405.79998779296875,397.3900146484375,399.739990234375,15622168
2025-11-20 16:00:00,399.7799987792969,400.6300048828125,394.7449951171875,395.07000732421875,6292243
2025-11-21 11:30:00,402.2950134277344,402.6839904785156,383.760009765625,391.3800964355469,32445019
2025-11-21 13:30:00,391.4700012207031,402.25,389.7481994628906,394.6400146484375,20445302
2025-11-21 15:30:00,394.6400146484375,402.32000732421875,394.3800048828125,395.7904968261719,14313704
2025-11-21 16:00:00,395.760009765625,397.6000061035156,390.57000732421875,391.20001220703125,5420120
2025-11-24 11:30:00,402.1600036621094,419.69000244140625,401.2300109863281,417.5600891113281,32499964
2025-11-24 13:30:00,417.55999755859375,420.489990234375,416.6900939941406,418.6000061035156,13221836
2025-11-24 15:30:00,418.6099853515625,421.7099914550781,416.0,417.0799865722656,12948674
2025-11-24 16:00:00,417.0199890136719,421.45001220703125,416.6499938964844,417.5899963378906,5876049
2025-11-25 11:30:00,414.4100036621094,415.19000244140625,405.95001220703125,412.4751892089844,25379233
2025-11-25 13:30:00,412.4949951171875,420.4800109863281,412.3999938964844,418.6199951171875,15103091
2025-11-25 15:30:00,418.6300048828125,418.9700012207031,414.6099853515625,417.54998779296875,9742372
2025-11-25 16:00:00,417.5799865722656,420.1600036621094,417.4700012207031,419.30999755859375,4224099
2025-11-26 11:30:00,423.9825134277344,425.5199890136719,416.8900146484375,419.17999267578125,21846819
2025-11-26 13:30:00,419.29998779296875,424.0899963378906,418.2349853515625,423.5299987792969,10899770
2025-11-26 15:30:00,423.510009765625,426.4200134277344,422.0199890136719,425.1213073730469,10887208
2025-11-26 16:00:00,425.125,426.94000244140625,424.0,426.4750061035156,3985623
2025-11-28 11:30:00,426.4700012207031,432.92999267578125,426.20001220703125,429.1600036621094,19153624
2025-11-28 13:30:00,429.1910095214844,430.3399963378906,428.45001220703125,429.71990966796875,4454518
2025-12-01 11:30:00,425.3500061035156,433.659912109375,425.29998779296875,427.1299133300781,21236840
2025-12-01 13:30:00,427.0899963378906,431.1099853515625,426.6199951171875,429.2799987792969,8879198
2025-12-01 15:30:00,429.31500244140625,429.3800048828125,426.32000732421875,428.82000732421875,8154215
2025-12-01 16:00:00,428.8399963378906,430.2998962402344,428.5400085449219,430.2998962402344,3692648
2025-12-02 11:30:00,430.9599914550781,436.79998779296875,423.0899963378906,424.1997985839844,26789880
2025-12-02 13:30:00,424.1499938964844,426.2099914550781,422.1199951171875,425.1195068359375,11069703
2025-12-02 15:30:00,425.0,431.05999755859375,424.05999755859375,430.3900146484375,10542276
2025-12-02 16:00:00,430.3800048828125,430.5,428.9200134277344,429.010009765625,3325433
2025-12-03 11:30:00,431.8450012207031,444.3800048828125,431.1174011230469,439.50201416015625,31117193
2025-12-03 13:30:00,439.510009765625,443.30499267578125,439.19000244140625,443.2799987792969,10855726
2025-12-03 15:30:00,443.29998779296875,447.9142150878906,442.6099853515625,446.29998779296875,14670037
2025-12-03 16:00:00,446.2900085449219,447.2699890136719,445.2799987792969,446.8800048828125,4466139
2025-12-04 11:30:00,449.6000061035156,454.625,445.3900146484375,448.6300048828125,27463080
2025-12-04 13:30:00,448.5400085449219,450.79998779296875,446.6000061035156,448.4599914550781,9617470
2025-12-04 15:30:00,448.4599914550781,451.0299987792969,446.20001220703125,450.7850036621094,9210138
2025-12-04 16:00:00,450.82000732421875,454.6300048828125,450.7799987792969,454.510009765625,5295455
2025-12-05 11:30:00,452.9700012207031,458.8699951171875,452.4700012207031,453.125,22170178
2025-12-05 13:30:00,453.125,455.6000061035156,451.6600036621094,455.2799987792969,8436941
2025-12-05 15:30:00,455.27899169921875,455.81500244140625,453.6499938964844,455.21978759765625,7729337
2025-12-05 16:00:00,455.2200012207031,455.4649963378906,454.29998779296875,454.94000244140625,3094596
2025-12-08 11:30:00,447.364990234375,449.7463073730469,437.7300109863281,438.5180969238281,24156807
2025-12-08 13:30:00,438.5,439.4599914550781,436.5249938964844,437.2695007324219,11367353
2025-12-08 15:30:00,437.20001220703125,438.4100036621094,435.25,437.8399963378906,9427843
2025-12-08 16:00:00,437.8699951171875,439.739990234375,437.6000061035156,439.5899963378906,3726143
2025-12-09 11:30:00,439.5799865722656,448.3999938964844,435.70001220703125,446.44000244140625,21261048
2025-12-09 13:30:00,446.45001220703125,452.3900146484375,446.19000244140625,450.5264892578125,11947670
2025-12-09 15:30:00,450.5264892578125,450.67999267578125,446.8699951171875,447.2900085449219,9186999
2025-12-09 16:00:00,447.25,447.7300109863281,439.5799865722656,445.2099914550781,3409299
2025-12-10 11:30:00,446.010009765625,450.20001220703125,443.6099853515625,446.044189453125,16756098
2025-12-10 13:30:00,446.04998779296875,446.6300048828125,444.54998779296875,445.4259948730469,5879893
2025-12-10 15:30:00,445.4200134277344,456.8800048828125,444.2900085449219,456.1796875,18456659
2025-12-10 16:00:00,456.1000061035156,456.2699890136719,451.17999267578125,451.4100036621094,5256362
2025-12-11 11:30:00,448.82501220703125,449.2698974609375,440.3299865722656,441.4700012207031,19974103
2025-12-11 13:30:00,441.4700012207031,447.3799133300781,441.4100036621094,446.1600036621094,9913519
2025-12-11 15:30:00,446.125,448.0400085449219,444.510009765625,444.9599914550781,7288131
2025-12-11 16:00:00,444.9800109863281,447.0,444.17999267578125,446.94000244140625,3200355
2025-12-12 11:30:00,452.25,463.010009765625,443.95001220703125,445.9283142089844,33125010
2025-12-12 13:30:00,445.92999267578125,455.6600036621094,441.6700134277344,455.6099853515625,15761598
2025-12-12 15:30:00,455.6029968261719,456.3900146484375,450.0899963378906,455.07000732421875,13746912
2025-12-12 16:00:00,455.05999755859375,459.1700134277344,453.75,459.1700134277344,6683835
2025-12-15 11:30:00,474.0,481.7694091796875,470.7099914550781,481.0400085449219,45054498
2025-12-15 13:30:00,481.0400085449219,481.6600036621094,474.489990234375,475.7296142578125,14908089
2025-12-15 15:30:00,475.7300109863281,478.8711853027344,474.57501220703125,477.8689880371094,12966280
2025-12-15 16:00:00,477.8800048828125,480.6400146484375,475.0299987792969,475.07000732421875,7282640
2025-12-16 11:30:00,472.2850036621094,482.05999755859375,465.8299865722656,475.7349853515625,33242939
2025-12-16 13:30:00,475.8284912109375,481.3489990234375,475.1499938964844,477.24090576171875,14803533
2025-12-16 15:30:00,477.30499267578125,487.7300109863281,477.2099914550781,487.614990234375,18039172
2025-12-16 16:00:00,487.6391906738281,491.5,487.2200012207031,489.79998779296875,9727102
2025-12-17 11:30:00,488.2149963378906,495.239990234375,474.20001220703125,478.369384765625,37839010
2025-12-17 13:30:00,478.3399963378906,479.3999938964844,472.7300109863281,474.5350036621094,15642498
2025-12-17 15:30:00,474.5299987792969,474.8699951171875,466.20001220703125,470.489990234375,17515214
2025-12-17 16:00:00,470.45001220703125,470.8999938964844,466.8599853515625,467.1600036621094,5718526
2025-12-18 11:30:00,477.8999938964844,490.44000244140625,473.1199951171875,488.17999267578125,32593775
2025-12-18 13:30:00,488.1700134277344,490.8599853515625,484.57000732421875,488.62200927734375,16307787
2025-12-18 15:30:00,488.6050109863281,489.20001220703125,483.3800048828125,486.56500244140625,12797340
2025-12-18 16:00:00,486.6199951171875,488.9200134277344,483.1700134277344,483.3949890136719,5528384
2025-12-19 11:30:00,488.5400085449219,490.489990234375,477.739990234375,481.4549865722656,27908495
2025-12-19 13:30:00,481.4549865722656,481.8999938964844,474.75,481.2449951171875,14478624
2025-12-19 15:30:00,481.2900085449219,483.9700012207031,480.6199951171875,482.20001220703125,10318334
2025-12-19 16:00:00,482.1400146484375,484.0,480.55999755859375,480.9100036621094,4384803
2025-12-22 11:30:00,489.25,498.82000732421875,485.3299865722656,492.8599853515625,34473811
2025-12-22 13:30:00,492.8487854003906,495.6000061035156,491.79998779296875,494.6400146484375,12511997
2025-12-22 15:30:00,494.6400146484375,496.4100036621094,487.5,487.5299987792969,13253525
2025-12-22 16:00:00,487.5,489.5899963378906,487.44000244140625,488.7699890136719,4256722
2025-12-23 11:30:00,490.75,491.94000244140625,485.010009765625,485.6592102050781,20020305
2025-12-23 13:30:00,485.67498779296875,487.20001220703125,483.3500061035156,485.3800048828125,10439124
2025-12-23 15:30:00,485.3999938964844,487.4100036621094,482.84478759765625,486.8699951171875,9977872
2025-12-23 16:00:00,486.8599853515625,486.8999938964844,484.57000732421875,485.6099853515625,3560052
2025-12-24 11:30:00,489.3599853515625,489.6499938964844,476.79998779296875,481.69000244140625,21021273
2025-12-24 13:30:00,481.68121337890625,482.92999267578125,481.1400146484375,481.7699890136719,5855715
2025-12-26 11:30:00,486.0,489.0899963378906,473.82000732421875,478.4798889160156,22939227
2025-12-26 13:30:00,478.4800109863281,480.5,476.610107421875,478.8800048828125,9137094
2025-12-26 15:30:00,478.8599853515625,479.239990234375,477.7200012207031,478.3598937988281,6925325
2025-12-26 16:00:00,478.3550109863281,478.3599853515625,474.9800109863281,475.19000244140625,3785990
2025-12-29 11:30:00,469.0,469.3999938964844,461.32000732421875,467.6300048828125,23376991
2025-12-29 13:30:00,467.6199951171875,469.20001220703125,463.739990234375,464.0899963378906,9560474
2025-12-29 15:30:00,464.0600891113281,464.3800048828125,461.9501037597656,462.6700134277344,9708580
2025-12-29 16:00:00,462.69500732421875,462.7499084472656,459.29998779296875,459.6199951171875,5449426
2025-12-30 11:30:00,460.0,462.2099914550781,453.8299865722656,461.1300048828125,21144817
2025-12-30 13:30:00,461.1099853515625,463.1199951171875,458.5799865722656,460.4960021972656,10422968
2025-12-30 15:30:00,460.4700012207031,460.739990234375,456.1000061035156,456.1199951171875,9342034
2025-12-30 16:00:00,456.1400146484375,456.4599914550781,454.0400085449219,454.42999267578125,3950479
2025-12-31 11:30:00,456.0,456.5480041503906,452.29998779296875,453.81500244140625,14440911
2025-12-31 13:30:00,453.8500061035156,455.8399963378906,452.5799865722656,454.8550109863281,8536136
2025-12-31 15:30:00,454.8399963378906,455.0799865722656,449.44000244140625,449.5,8649145
2025-12-31 16:00:00,449.5398864746094,450.9299011230469,449.29998779296875,449.54998779296875,4049826
2026-01-02 11:30:00,457.7511901855469,458.3299865722656,440.8999938964844,444.0799865722656,28047578
2026-01-02 13:30:00,444.05999755859375,445.3299865722656,437.9200134277344,438.39990234375,12516025
2026-01-02 15:30:00,438.3800048828125,441.6199951171875,435.29998779296875,440.3500061035156,14119393
2026-01-02 16:00:00,440.3299865722656,440.5159912109375,437.6000061035156,438.1000061035156,4330640
2026-01-05 11:30:00,447.25,456.6499938964844,444.57000732421875,454.0299987792969,22904484
2026-01-05 13:30:00,454.04998779296875,457.5498962402344,453.7900085449219,454.7099914550781,9904564
2026-01-05 15:30:00,454.67999267578125,457.1000061035156,453.8500061035156,456.2099914550781,8798067
2026-01-05 16:00:00,456.2250061035156,456.239990234375,450.8599853515625,451.69000244140625,5043698
2026-01-06 11:30:00,444.1499938964844,444.2698974609375,431.80999755859375,431.8550109863281,28231542
2026-01-06 13:30:00,431.8599853515625,433.3299865722656,428.7799987792969,429.7699890136719,14557190
2026-01-06 15:30:00,429.7049865722656,434.4200134277344,429.1400146484375,431.7449951171875,14107281
2026-01-06 16:00:00,431.7200012207031,433.440185546875,431.30999755859375,432.4898986816406,3393408
2026-01-07 11:30:00,435.885009765625,438.1300048828125,431.6000061035156,435.989990234375,19386919
2026-01-07 13:30:00,436.0,438.3699951171875,435.7099914550781,436.34710693359375,8786819
2026-01-07 15:30:00,436.3599853515625,437.5199890136719,434.2699890136719,436.1400146484375,8792669
2026-01-07 16:00:00,436.1600036621094,436.7900085449219,431.30999755859375,431.4200134277344,4503032
2026-01-08 11:30:00,425.5,435.17999267578125,424.364990234375,434.26458740234375,20164959
2026-01-08 13:30:00,434.25,436.8900146484375,433.30999755859375,434.1300048828125,9273710
2026-01-08 15:30:00,434.1600036621094,435.79998779296875,432.42999267578125,434.9599914550781,7359156
2026-01-08 16:00:00,434.94000244140625,436.25,434.3500061035156,435.8399963378906,3225353
2026-01-09 11:30:00,434.0,444.2898864746094,430.3900146484375,442.63238525390625,23754901
2026-01-09 13:30:00,442.6600036621094,449.04998779296875,442.29998779296875,447.17999267578125,12189057
2026-01-09 15:30:00,447.17999267578125,447.9198913574219,444.510009765625,445.35528564453125,8549662
2026-01-09 16:00:00,445.3399963378906,445.9700012207031,444.3599853515625,444.989990234375,3287640
2026-01-12 11:30:00,441.2250061035156,450.2200012207031,438.0,448.635009765625,20516484
2026-01-12 13:30:00,448.6388854980469,454.29998779296875,448.4071044921875,450.82000732421875,12818766
2026-01-12 15:30:00,450.8450012207031,452.1300048828125,449.45001220703125,450.92498779296875,8732900
2026-01-12 16:00:00,450.9100036621094,451.1000061035156,448.2699890136719,448.92999267578125,3785374
2026-01-13 11:30:00,450.20001220703125,451.6600036621094,445.3999938964844,450.31939697265625,19074871
2026-01-13 13:30:00,450.3057861328125,451.80999755859375,446.55999755859375,447.42999267578125,8617834
2026-01-13 15:30:00,447.45001220703125,448.17999267578125,443.95001220703125,446.2349853515625,8825530
2026-01-13 16:00:00,446.239990234375,447.8299865722656,445.67999267578125,447.1300048828125,2783886
2026-01-14 11:30:00,439.6650085449219,443.9100036621094,435.8800048828125,438.4200134277344,19790484
2026-01-14 13:30:00,438.3500061035156,438.7698974609375,434.2300109863281,436.4100036621094,8856607
2026-01-14 15:30:00,436.35809326171875,438.3699951171875,434.9100036621094,435.1600036621094,8458894
2026-01-14 16:00:00,435.17999267578125,439.45001220703125,435.1400146484375,439.260009765625,4003494
2026-01-15 11:30:00,444.20989990234375,445.3599853515625,439.4800109863281,442.8299865722656,16971054
2026-01-15 13:30:00,442.739990234375,443.5400085449219,441.1000061035156,443.2174987792969,6681209
2026-01-15 15:30:00,443.2300109863281,443.82000732421875,438.1600036621094,438.44000244140625,7983886
2026-01-15 16:00:00,438.489990234375,439.05999755859375,437.6499938964844,438.3299865722656,2951712
2026-01-16 11:30:00,441.0799865722656,447.25,435.2601013183594,438.80999755859375,20414118
2026-01-16 13:30:00,438.8299865722656,440.45001220703125,437.7701110839844,440.35009765625,7593482
2026-01-16 15:30:00,440.3500061035156,440.8500061035156,439.0199890136719,439.8799133300781,6740455
2026-01-16 16:00:00,439.8299865722656,439.8800048828125,437.3599853515625,437.4700012207031,3427744
2026-01-20 11:30:00,429.3450012207031,430.5,423.4200134277344,425.6499938964844,18838267
2026-01-20 13:30:00,425.6600036621094,427.3999938964844,423.8800048828125,424.7925109863281,7621406
2026-01-20 15:30:00,424.82000732421875,425.0199890136719,417.8299865722656,417.9100036621094,10602258
2026-01-20 16:00:00,417.8900146484375,420.4800109863281,417.44000244140625,419.260009765625,4642504
2026-01-21 11:30:00,421.5799865722656,429.7699890136719,419.6200866699219,427.4873962402344,17954203
2026-01-21 13:30:00,427.44000244140625,427.49798583984375,420.05999755859375,425.65771484375,12178323
2026-01-21 15:30:00,425.67999267578125,438.1400146484375,425.3551025390625,433.5602111816406,12584600
2026-01-21 16:00:00,433.55999755859375,434.25,430.27099609375,431.4599914550781,4221585
2026-01-22 11:30:00,434.8599853515625,439.21990966796875,432.6293029785156,437.9599914550781,17296264
2026-01-22 13:30:00,438.0,448.260009765625,437.05999755859375,444.9501037597656,14693992
2026-01-22 15:30:00,444.9599914550781,449.1199951171875,444.5799865722656,446.3800048828125,12319966
2026-01-22 16:00:00,446.3699951171875,449.4599914550781,446.10198974609375,449.3699951171875,4614063
2026-01-23 11:30:00,447.4049987792969,452.42999267578125,444.0400085449219,450.07000732421875,22262406
2026-01-23 13:30:00,450.0586853027344,450.3500061035156,445.2799987792969,446.7200012207031,8213832
2026-01-23 15:30:00,446.7452087402344,448.8500061035156,446.0299987792969,447.2502136230469,6973711
2026-01-23 16:00:00,447.2699890136719,449.30999755859375,446.9200134277344,449.07000732421875,3149230
2026-01-26 11:30:00,445.0299987792969,445.0299987792969,436.7099914550781,439.7099914550781,16462993
2026-01-26 13:30:00,439.760009765625,440.2699890136719,437.82000732421875,438.55999755859375,6598207
2026-01-26 15:30:00,438.55999755859375,438.8599853515625,434.4700012207031,434.8927001953125,7725187
2026-01-26 16:00:00,434.8800048828125,436.3699951171875,434.2900085449219,435.20001220703125,3914313
2026-01-27 11:30:00,437.43499755859375,437.5199890136719,431.8299865722656,434.8699951171875,12123544
2026-01-27 13:30:00,434.8999938964844,435.82000732421875,432.2799987792969,432.78009033203125,5653305
2026-01-27 15:30:00,432.8099060058594,433.8800048828125,430.69000244140625,433.7900085449219,6934718
2026-01-27 16:00:00,433.8031921386719,433.8031921386719,430.7099914550781,430.9100036621094,3400284
2026-01-28 11:30:00,431.79998779296875,438.260009765625,431.20001220703125,434.09051513671875,18627670
2026-01-28 13:30:00,434.0799865722656,435.6099853515625,432.3399963378906,434.82000732421875,3978822
2026-01-28 15:30:00,434.80029296875,436.0,431.739990234375,434.2950134277344,7966275
2026-01-28 16:00:00,434.32000732421875,434.45001220703125,430.20001220703125,431.239990234375,3496783
2026-01-29 11:30:00,437.760009765625,440.2298889160156,414.6199951171875,421.8949890136719,31235335
2026-01-29 13:30:00,421.8599853515625,424.8399963378906,419.3800048828125,421.8699951171875,10209056
2026-01-29 15:30:00,421.79998779296875,422.94000244140625,415.4599914550781,415.510009765625,9826325
2026-01-29 16:00:00,415.5199890136719,417.54998779296875,414.94000244140625,416.44000244140625,4951144
2026-01-30 11:30:00,425.5799865722656,435.3500061035156,422.70001220703125,431.7049865722656,17356555
2026-02-02 15:30:00,426.1199951171875,426.69000244140625,422.5400085449219,423.92498779296875,18357465
2026-02-02 16:00:00,423.8999938964844,424.0557861328125,421.739990234375,421.7850036621094,2893745
2026-02-03 11:30:00,424.2699890136719,428.55999755859375,419.75,423.17999267578125,17850165
2026-02-03 13:30:00,423.2099914550781,427.7200012207031,416.8800048828125,418.11151123046875,10869158
2026-02-03 15:30:00,418.05999755859375,419.2900085449219,413.6900939941406,418.590087890625,9914887
2026-02-03 16:00:00,418.6300048828125,422.20001220703125,418.5899963378906,421.80999755859375,3300597
2026-02-04 11:30:00,420.4599914550781,423.8999938964844,407.0299987792969,408.82501220703125,20663692
2026-02-04 13:30:00,408.7900085449219,409.239990234375,399.17999267578125,406.42498779296875,14725336
2026-02-04 15:30:00,406.4599914550781,409.3500061035156,402.276611328125,407.82501220703125,11776403
2026-02-04 16:00:00,407.80999755859375,409.1600036621094,405.3500061035156,405.8999938964844,4215172
2026-02-05 11:30:00,397.05999755859375,401.1499938964844,387.5309143066406,396.87799072265625,22995644
2026-02-05 13:30:00,396.8800048828125,402.1000061035156,395.80999755859375,399.6400146484375,11928308
2026-02-05 15:30:00,399.6099853515625,401.4700012207031,393.79998779296875,394.1099853515625,11052101
2026-02-05 16:00:00,394.1099853515625,397.8299865722656,393.0199890136719,397.1000061035156,4796377
2026-02-06 11:30:00,400.8800048828125,411.57000732421875,397.7699890136719,410.2799987792969,20501713
2026-02-06 13:30:00,410.26251220703125,414.54998779296875,410.0350036621094,412.17498779296875,9360462
2026-02-06 15:30:00,412.1650085449219,414.54998779296875,411.0799865722656,413.40618896484375,8178025
2026-02-06 16:00:00,413.3699951171875,414.54998779296875,410.6099853515625,411.010009765625,4303013
2026-02-09 11:30:00,409.9049987792969,419.42999267578125,407.2900085449219,418.6650085449219,17505913
2026-02-09 13:30:00,418.6199951171875,421.25,417.70001220703125,418.34991455078125,8832309
2026-02-09 15:30:00,418.30230712890625,420.8999938964844,417.7099914550781,420.1199951171875,6783485
2026-02-09 16:00:00,420.0799865722656,420.4200134277344,417.1300964355469,417.1600036621094,3183939
2026-02-10 11:30:00,418.0899963378906,425.4599914550781,417.0,421.7349853515625,17558683
2026-02-10 13:30:00,421.7099914550781,427.25,421.05999755859375,423.32000732421875,10302977
2026-02-10 15:30:00,423.2900085449219,426.3699951171875,422.35009765625,424.45001220703125,7505709
2026-02-10 16:00:00,424.4100036621094,427.20001220703125,423.8169860839844,425.2200012207031,4465243
2026-02-11 11:30:00,427.9549865722656,436.3500061035156,420.0299987792969,426.4049987792969,22345370
2026-02-11 13:30:00,426.4100036621094,426.6700134277344,422.05999755859375,424.7449951171875,9071338
2026-02-11 15:30:00,424.7200012207031,427.7300109863281,423.6199951171875,425.8599853515625,7023481
2026-02-11 16:00:00,425.82000732421875,429.1000061035156,425.4599914550781,428.1499938964844,3100922
2026-02-12 11:30:00,430.3500061035156,436.2300109863281,419.2799987792969,419.4100036621094,18795881
2026-02-12 13:30:00,419.4049987792969,421.409912109375,414.0,416.7900085449219,11195550
2026-02-12 15:30:00,416.79998779296875,417.8699951171875,414.2500915527344,414.80279541015625,7429359
2026-02-12 16:00:00,414.7099914550781,417.4200134277344,414.54998779296875,416.8399963378906,3513182
2026-02-13 11:30:00,414.1400146484375,418.3699951171875,410.8800048828125,417.92999267578125,16111430
2026-02-13 13:30:00,417.9150085449219,421.3299865722656,416.4468078613281,420.5798034667969,8315416
2026-02-13 15:30:00,420.70001220703125,424.05999755859375,417.2099914550781,417.6099853515625,8259035
2026-02-13 16:00:00,417.56988525390625,418.5899963378906,416.5199890136719,417.4200134277344,2855438
2026-02-17 11:30:00,412.4020080566406,413.69000244140625,400.510009765625,408.17498779296875,19921544
2026-02-17 13:30:00,408.18499755859375,410.30999755859375,403.4200134277344,409.4200134277344,10165950
2026-02-17 15:30:00,409.43798828125,413.1698913574219,408.79010009765625,410.5599060058594,8619311
2026-02-17 16:00:00,410.4700012207031,411.8800048828125,409.6400146484375,410.5899963378906,2992308
2026-02-18 11:30:00,410.6700134277344,416.32000732421875,409.5799865722656,414.3800048828125,14836880
2026-02-18 13:30:00,414.4100036621094,416.8999938964844,413.42999267578125,413.92999267578125,7273749
2026-02-18 15:30:00,413.92999267578125,414.20989990234375,409.90008544921875,410.67999267578125,7961964
2026-02-18 16:00:00,410.6199951171875,412.1210021972656,410.4100036621094,411.20001220703125,2953314
2026-02-19 11:30:00,407.33349609375,414.9800109863281,404.1099853515625,413.8500061035156,15753612
2026-02-19 13:30:00,413.8599853515625,415.2499084472656,408.5799865722656,409.77508544921875,10023925
2026-02-19 15:30:00,409.7699890136719,411.3699951171875,408.5199890136719,409.9700012207031,6910361
2026-02-19 16:00:00,409.94000244140625,411.8999938964844,409.760009765625,411.72119140625,2412396
2026-02-20 11:30:00,408.2850036621094,414.70001220703125,405.5,409.3973083496094,17417636
2026-02-20 13:30:00,409.3800048828125,411.489990234375,405.8900146484375,409.3599853515625,10630385
2026-02-20 15:30:00,409.3876037597656,413.760009765625,408.6600036621094,409.7900085449219,8011312
2026-02-20 16:00:00,409.7850036621094,412.239990234375,409.6700134277344,411.7099914550781,2596449
2026-02-23 11:30:00,407.2850036621094,407.70001220703125,396.6199951171875,397.9700012207031,19053204
2026-02-23 13:30:00,397.989990234375,399.2698974609375,394.239990234375,396.0400085449219,11659567
2026-02-23 15:30:00,396.05999755859375,396.3599853515625,394.0400085449219,395.53118896484375,9255690
2026-02-23 16:00:00,395.5299987792969,400.0,395.45001220703125,399.8500061035156,6059604
2026-02-24 11:30:00,399.54998779296875,407.7099914550781,397.6400146484375,403.3299865722656,17842326
2026-02-24 13:30:00,403.3299865722656,406.0299987792969,402.260009765625,405.32989501953125,8224263
2026-02-24 15:30:00,405.3399963378906,410.4100036621094,405.1499938964844,408.760009765625,9969294
2026-02-24 16:00:00,408.79998779296875,410.82000732421875,408.6700134277344,409.3599853515625,3668801
2026-02-25 11:30:00,412.1499938964844,420.3399963378906,412.1499938964844,413.9601135253906,17473600
2026-02-25 13:30:00,413.95001220703125,416.9200134277344,413.1600036621094,415.1300048828125,8794351
2026-02-25 15:30:00,415.1499938964844,416.6000061035156,414.8999938964844,415.7073059082031,6289202
2026-02-25 16:00:00,415.69390869140625,417.6400146484375,414.8500061035156,417.3900146484375,4018059
2026-02-26 11:30:00,414.5,416.79998779296875,404.8301086425781,409.08331298828125,16985637
2026-02-26 13:30:00,409.0799865722656,410.1700134277344,403.6600036621094,405.2099914550781,10446167
2026-02-26 15:30:00,405.2200012207031,409.3890075683594,405.0799865722656,407.7099914550781,7472929
2026-02-26 16:00:00,407.70001220703125,409.20001220703125,407.69000244140625,408.4800109863281,2644632
2026-02-27 11:30:00,402.94000244140625,407.1099853515625,400.8999938964844,402.30999755859375,19089950
2026-02-27 13:30:00,402.260009765625,403.5400085449219,398.5299987792969,399.7300109863281,4796234
2026-02-27 15:30:00,399.70001220703125,401.0199890136719,398.1199951171875,400.17999267578125,7424174
2026-02-27 16:00:00,400.1300048828125,403.3900146484375,399.2799987792969,402.4200134277344,4543627
2026-03-02 11:30:00,390.32000732421875,403.7090148925781,388.25,400.1700134277344,18002084
2026-03-02 13:30:00,400.2099914550781,404.5398864746094,399.739990234375,401.75,9014949
2026-03-02 15:30:00,401.7862854003906,402.8699951171875,398.9100036621094,399.55999755859375,18565485
2026-03-02 16:00:00,399.57000732421875,403.489990234375,399.55999755859375,403.2349853515625,5267667
2026-03-03 11:30:00,395.0899963378906,396.3399963378906,385.3999938964844,392.5400085449219,29480363
2026-03-03 13:30:00,392.5299987792969,393.9200134277344,389.0799865722656,393.2900085449219,12199145
2026-03-03 15:30:00,393.29998779296875,394.7699890136719,391.0,392.54998779296875,10825220
2026-03-03 16:00:00,392.54010009765625,393.5,391.6700134277344,392.3500061035156,5308335
2026-03-04 11:30:00,397.8450012207031,407.8523864746094,394.5899963378906,404.19500732421875,31474503
2026-03-04 13:30:00,404.17999267578125,407.1499938964844,403.2799987792969,403.7799987792969,13571012
2026-03-04 15:30:00,403.7799987792969,407.3800048828125,403.7200012207031,406.95001220703125,10947849
2026-03-04 16:00:00,406.95001220703125,408.3299865722656,404.75,406.07000732421875,6921220
2026-03-05 11:30:00,401.57000732421875,407.3800048828125,400.29998779296875,405.4153137207031,20712800
2026-03-05 13:30:00,405.4599914550781,408.6199035644531,399.4200134277344,399.7300109863281,12991411
2026-03-05 15:30:00,399.70001220703125,404.3800048828125,399.55999755859375,402.7900085449219,10076722
2026-03-05 16:00:00,402.7699890136719,405.8900146484375,402.57000732421875,405.40130615234375,4836899
2026-03-06 11:30:00,398.18499755859375,399.9549865722656,394.2200012207031,399.6199951171875,27927754
2026-03-06 13:30:00,399.6300048828125,402.3500061035156,397.1499938964844,401.1700134277344,14906804
2026-03-06 15:30:00,401.1650085449219,401.75,396.5,396.7200012207031,11708043
2026-03-06 16:00:00,396.7300109863281,398.20001220703125,396.20001220703125,396.55999755859375,5246449
2026-03-09 11:30:00,390.04998779296875,392.989990234375,381.3999938964844,388.3299865722656,28143266
2026-03-09 13:30:00,388.2300109863281,390.989990234375,387.17999267578125,389.010009765625,13143599
2026-03-09 15:30:00,389.0,400.70001220703125,388.510009765625,400.6000061035156,14523404
2026-03-09 16:00:00,400.56500244140625,401.5780029296875,397.3299865722656,398.6400146484375,7205062
2026-03-10 11:30:00,402.05499267578125,406.5799865722656,400.85809326171875,403.5799865722656,26266073
2026-03-10 13:30:00,403.54998779296875,404.19000244140625,400.95001220703125,403.3492126464844,12702052
2026-03-10 15:30:00,403.3299865722656,403.3550109863281,398.19000244140625,399.8999938964844,13316368
2026-03-10 16:00:00,399.8565979003906,400.739990234375,398.2699890136719,399.2349853515625,4038194
2026-03-11 11:30:00,402.2200012207031,416.3799133300781,402.1499938964844,409.0,30914005
2026-03-11 13:30:00,409.010009765625,409.1000061035156,406.2300109863281,408.2149963378906,12884829
2026-03-11 15:30:00,408.2300109863281,408.3500061035156,403.95001220703125,406.1300048828125,10345577
2026-03-11 16:00:00,406.1499938964844,408.25,406.1499938964844,407.8399963378906,4938915
2026-03-12 11:30:00,405.1000061035156,406.5,394.6499938964844,396.99169921875,26002772
2026-03-12 13:30:00,396.95001220703125,401.04998779296875,396.4200134277344,399.8900146484375,13861583
2026-03-12 15:30:00,399.8299865722656,400.4599914550781,396.2500915527344,397.5899963378906,11548788
2026-03-12 16:00:00,397.6099853515625,398.1289978027344,395.0,395.0050048828125,4973877
2026-03-13 11:30:00,399.1650085449219,400.1600036621094,392.2200012207031,394.05999755859375,24064771
2026-03-13 13:30:00,394.05999755859375,395.95989990234375,392.29998779296875,395.0150146484375,13590136
2026-03-13 15:30:00,394.9599914550781,395.2300109863281,390.0799865722656,390.9100036621094,12478815
2026-03-13 16:00:00,390.9100036621094,392.1199951171875,389.95001220703125,391.1700134277344,5462800
2026-03-16 11:30:00,396.125,403.7300109863281,394.97601318359375,400.1400146484375,18649837
2026-03-16 13:30:00,400.1570129394531,400.9800109863281,396.45001220703125,396.92010498046875,9765758
2026-03-16 15:30:00,396.9200134277344,399.25,396.0,396.590087890625,8343906
2026-03-16 16:00:00,396.5899963378906,396.760009765625,394.4200134277344,395.489990234375,3288055
2026-03-17 11:30:00,395.69000244140625,400.1199951171875,393.0,397.4280090332031,16558394
2026-03-17 13:30:00,397.4599914550781,398.489990234375,395.75,397.70001220703125,8005934
2026-03-17 15:30:00,397.69000244140625,399.6400146484375,397.1499938964844,398.67999267578125,7600936
2026-03-17 16:00:00,398.67999267578125,399.3500061035156,397.75,399.2200012207031,2806943
2026-03-18 11:30:00,399.0,403.06500244140625,397.3399963378906,397.69000244140625,16189756
2026-03-18 13:30:00,397.6199951171875,398.6600036621094,396.20001220703125,397.1700134277344,7111120
2026-03-18 15:30:00,397.17999267578125,398.54998779296875,394.1600036621094,394.6789855957031,8944687
2026-03-18 16:00:00,394.67999267578125,394.8500061035156,392.30999755859375,392.8500061035156,3725580
2026-03-19 11:30:00,387.2049865722656,387.2049865722656,379.72320556640625,383.0199890136719,21773906
2026-03-19 13:30:00,383.05999755859375,383.6499938964844,380.20001220703125,381.6400146484375,9517082
2026-03-19 15:30:00,381.6451110839844,384.95001220703125,378.7300109863281,382.6600036621094,11365068
2026-03-19 16:00:00,382.67999267578125,382.8599853515625,380.04998779296875,380.239990234375,4176750
2026-03-20 11:30:00,379.3900146484375,379.8900146484375,369.8999938964844,374.4901123046875,31199751
2026-03-20 13:30:00,374.4800109863281,376.9599914550781,372.6900939941406,372.8599853515625,12951348
2026-03-20 15:30:00,372.87969970703125,373.1099853515625,365.79998779296875,366.1899108886719,15943099
2026-03-20 16:00:00,366.19000244140625,368.07000732421875,364.4601135253906,367.9700012207031,9344546
2026-03-23 11:30:00,373.0849914550781,385.3299865722656,372.7300109863281,383.4700012207031,34404868
2026-03-23 13:30:00,383.5,383.8800048828125,376.4700012207031,377.5899963378906,17564344
2026-03-23 15:30:00,377.6700134277344,382.25,377.5899963378906,381.25,12326265
2026-03-23 16:00:00,381.2550048828125,381.92999267578125,380.2200012207031,380.8500061035156,4840792
2026-03-24 11:30:00,376.69500732421875,387.4700012207031,376.30999755859375,383.9599914550781,26852208
2026-03-24 13:30:00,383.92999267578125,384.45001220703125,380.5508117675781,381.4100036621094,11599136
2026-03-24 15:30:00,381.3900146484375,386.45001220703125,379.67999267578125,384.04998779296875,13587742
2026-03-24 16:00:00,384.0299987792969,384.8599853515625,382.29998779296875,383.1099853515625,4587433
2026-03-25 11:30:00,389.989990234375,396.2200012207031,389.260009765625,392.6000061035156,24678164
2026-03-25 13:30:00,392.6000061035156,393.0409851074219,387.6000061035156,388.2950134277344,12915441
2026-03-25 15:30:00,388.30999755859375,389.75,385.07501220703125,385.489990234375,11621225
2026-03-25 16:00:00,385.4700012207031,386.5,385.010009765625,385.94000244140625,3492460
2026-03-26 11:30:00,381.8299865722656,384.44000244140625,377.9800109863281,380.0,20992800
2026-03-26 13:30:00,380.010009765625,381.0899963378906,376.32000732421875,377.0199890136719,11440879
2026-03-26 15:30:00,377.010009765625,377.7099914550781,372.5101013183594,373.1449890136719,12844834
2026-03-26 16:00:00,373.1449890136719,374.0,371.8699951171875,372.239990234375,5288892
2026-03-27 11:30:00,369.69000244140625,369.8599853515625,361.3699951171875,367.2300109863281,24618450
2026-03-27 13:30:00,367.260009765625,368.3299865722656,361.7699890136719,361.7860107421875,12325558
2026-03-27 15:30:00,361.82000732421875,362.5,359.4700012207031,361.3399963378906,15035990
2026-03-27 16:00:00,361.3800048828125,362.6199951171875,360.2300109863281,361.760009765625,5862853
2026-03-30 11:30:00,365.8599853515625,367.2799072265625,360.7099914550781,361.8999938964844,22902383
2026-03-30 13:30:00,361.9649963378906,364.6499938964844,357.4800109863281,357.6449890136719,14729039
2026-03-30 15:30:00,357.6199951171875,358.0799865722656,352.3999938964844,352.6700134277344,17709330
2026-03-30 16:00:00,352.6925048828125,355.6400146484375,352.1400146484375,355.2799987792969,6286795
2026-03-31 11:30:00,361.6199951171875,366.1000061035156,361.239990234375,364.1400146484375,25960076
2026-03-31 13:30:00,364.1400146484375,372.70001220703125,362.3800048828125,369.9599914550781,17044057
2026-03-31 15:30:00,369.94000244140625,373.3299865722656,368.010009765625,372.1600036621094,14233577
2026-03-31 16:00:00,372.1700134277344,373.25,370.7101135253906,371.75,6081555
2026-04-01 11:30:00,378.7699890136719,382.4800109863281,374.0799865722656,380.9100036621094,25328319
2026-04-01 13:30:00,380.9200134277344,383.1400146484375,380.43499755859375,381.08990478515625,10021881
2026-04-01 15:30:00,381.07000732421875,381.71099853515625,377.0199890136719,380.5159912109375,11952383
2026-04-01 16:00:00,380.5299987792969,381.5299987792969,379.54998779296875,381.32000732421875,5475774
2026-04-02 11:30:00,364.0273132324219,370.260009765625,363.6499938964844,366.0199890136719,32271545
2026-04-02 13:30:00,366.0400085449219,366.94000244140625,363.3800048828125,365.010009765625,13505189
2026-04-02 15:30:00,365.0299987792969,365.1015930175781,359.0299987792969,359.5600891113281,20208589
2026-04-02 16:00:00,359.5950012207031,361.489990234375,359.54998779296875,360.54998779296875,6607449
2026-04-06 11:30:00,364.67999267578125,367.70001220703125,352.92999267578125,353.3800048828125,27568563
2026-04-06 13:30:00,353.3900146484375,354.54998779296875,346.6400146484375,348.875,21508851
2026-04-06 15:30:00,348.8999938964844,351.9800109863281,347.1000061035156,351.70001220703125,17303926
2026-04-06 16:00:00,351.7049865722656,353.0799865722656,351.1000061035156,352.7900085449219,6708572
2026-04-07 11:30:00,347.4150085449219,348.0199890136719,337.239990234375,339.0299987792969,32685970
2026-04-07 13:30:00,339.05999755859375,343.1099853515625,338.17999267578125,341.8595886230469,13660132
2026-04-07 15:30:00,341.8800048828125,344.5199890136719,339.17999267578125,342.2829895019531,13593161
2026-04-07 16:00:00,342.2099914550781,346.75,341.7799987792969,346.55999755859375,5737502
2026-04-08 11:30:00,363.7950134277344,364.5,345.5,345.8900146484375,35348279
2026-04-08 13:30:00,345.9100036621094,349.239990234375,345.2099914550781,347.4649963378906,15152751
2026-04-08 15:30:00,347.4549865722656,348.54998779296875,339.6700134277344,341.5480041503906,17632488
2026-04-08 16:00:00,341.489990234375,343.5,341.20001220703125,343.239990234375,6007518
2026-04-09 11:30:00,343.0329895019531,345.57989501953125,337.25,340.2300109863281,27082527
2026-04-09 13:30:00,340.17999267578125,348.8800048828125,339.9100036621094,347.7300109863281,15675141
2026-04-09 15:30:00,347.739990234375,348.8500061035156,344.489990234375,345.6000061035156,11999564
2026-04-09 16:00:00,345.614990234375,346.4700012207031,344.7401123046875,345.5899963378906,3934539
2026-04-10 11:30:00,346.2850036621094,350.3599853515625,344.6400146484375,345.55999755859375,20740521
2026-04-10 13:30:00,345.6000061035156,345.92840576171875,342.739990234375,343.989990234375,11589860
2026-04-10 15:30:00,343.95001220703125,347.25,343.65008544921875,346.0679931640625,10345686
2026-04-10 16:00:00,346.0199890136719,349.0,345.95001220703125,348.8949890136719,4720919
2026-04-13 11:30:00,349.8924865722656,356.3500061035156,348.57000732421875,350.3125915527344,24042332
2026-04-13 13:30:00,350.3299865722656,354.57989501953125,349.9599914550781,354.4399108886719,11174732
2026-04-13 15:30:00,354.4200134277344,354.70001220703125,350.2601013183594,351.42498779296875,9662310
2026-04-13 16:00:00,351.4049987792969,352.739990234375,350.6700134277344,352.4049987792969,4428146
2026-04-14 11:30:00,357.3550109863281,364.0400085449219,354.7699890136719,362.82501220703125,25234209
2026-04-14 13:30:00,362.82000732421875,367.6300048828125,362.80999755859375,365.2099914550781,13759978
2026-04-14 15:30:00,365.2099914550781,365.8699951171875,362.5400085449219,365.5870056152344,9774806
2026-04-14 16:00:00,365.6000061035156,365.6000061035156,363.4700012207031,364.1600036621094,4196039
2026-04-15 11:30:00,366.7950134277344,389.54998779296875,362.5,388.52490234375,42063652
2026-04-15 13:30:00,388.57000732421875,394.4798889160156,386.1000061035156,387.3500061035156,35014375
2026-04-15 15:30:00,387.3500061035156,392.7698974609375,386.7200927734375,392.5,19046500
2026-04-15 16:00:00,392.4501037597656,394.6499938964844,391.45001220703125,392.0299987792969,9171728
2026-04-16 11:30:00,393.80999755859375,394.0,381.79998779296875,387.8949890136719,32554796
2026-04-16 13:30:00,387.79998779296875,390.67999267578125,386.70001220703125,388.55499267578125,12328765
2026-04-16 15:30:00,388.5199890136719,389.0,385.2001037597656,387.3699951171875,9941143
2026-04-16 16:00:00,387.375,389.989990234375,387.20001220703125,388.7900085449219,4402399
2026-04-17 11:30:00,395.9200134277344,409.2799987792969,391.6499938964844,408.1300048828125,43250441
2026-04-17 13:30:00,408.135009765625,409.1000061035156,400.57000732421875,401.5400085449219,21555910
2026-04-17 15:30:00,401.5199890136719,403.0899963378906,399.45001220703125,401.79998779296875,15906190
2026-04-17 16:00:00,401.7799987792969,402.6199951171875,399.8299865722656,400.6600036621094,5311579
2026-04-20 11:30:00,402.5799865722656,406.79998779296875,388.3299865722656,393.25,34091281
2026-04-20 13:30:00,393.2099914550781,393.239990234375,390.29998779296875,391.9599914550781,12110749
2026-04-20 15:30:00,391.9800109863281,393.3500061035156,390.4800109863281,392.2699890136719,10435206
2026-04-20 16:00:00,392.29998779296875,393.510009765625,392.20001220703125,392.4599914550781,4260155
2026-04-21 11:30:00,393.04998779296875,393.95001220703125,387.67999267578125,390.5249938964844,21879476
2026-04-21 13:30:00,390.4700012207031,391.32000732421875,385.2200927734375,385.8399963378906,11397354
2026-04-21 15:30:00,385.8599853515625,390.6000061035156,385.82000732421875,390.06500244140625,10187622
2026-04-21 16:00:00,390.0899963378906,390.3500061035156,385.82000732421875,386.4800109863281,4299665
2026-04-22 11:30:00,387.55999755859375,393.0,385.29998779296875,389.614990234375,19560817
2026-04-22 13:30:00,389.6300048828125,391.54998779296875,388.6001892089844,390.4649963378906,10326867
2026-04-22 15:30:00,390.4649963378906,390.739990234375,387.3999938964844,389.2388000488281,9299447
2026-04-22 16:00:00,389.2149963378906,389.7699890136719,386.80999755859375,387.20001220703125,5837654
2026-04-23 11:30:00,375.4849853515625,385.3382873535156,368.3901062011719,377.4750061035156,48247084
2026-04-23 13:30:00,377.5,380.94989013671875,372.0799865722656,372.8999938964844,19471337
2026-04-23 15:30:00,372.95001220703125,375.20001220703125,369.760009765625,373.9599914550781,14392069
2026-04-23 16:00:00,373.9700012207031,374.260009765625,372.3315124511719,373.6300048828125,4210319
2026-04-24 11:30:00,373.260009765625,382.760009765625,370.7349853515625,375.9800109863281,29483821
2026-04-24 13:30:00,375.9700012207031,376.7799987792969,372.35009765625,375.55999755859375,12610436
2026-04-24 15:30:00,375.5400085449219,377.2300109863281,374.6499938964844,376.70001220703125,11114486
2026-04-24 16:00:00,376.7149963378906,377.8399963378906,376.1600036621094,376.1600036621094,4564842
2026-04-27 11:30:00,372.1700134277344,372.1700134277344,364.0199890136719,365.95001220703125,26697298
2026-04-27 13:30:00,365.96990966796875,377.9599914550781,365.8100891113281,377.6492919921875,18104038
2026-04-27 15:30:00,377.6499938964844,380.7799987792969,377.44000244140625,379.05999755859375,15158108
2026-04-27 16:00:00,379.07000732421875,379.9599914550781,378.5,378.70001220703125,4147136
2026-04-28 11:30:00,374.625,382.2900085449219,372.5400085449219,374.989990234375,26250518
2026-04-28 13:30:00,374.989990234375,377.35760498046875,374.0950012207031,376.30999755859375,8755060
2026-04-28 15:30:00,376.30999755859375,378.7049865722656,375.3299865722656,377.3399963378906,8935689
2026-04-28 16:00:00,377.31500244140625,377.4093933105469,375.92999267578125,375.95001220703125,2989463
2026-04-29 11:30:00,374.7601013183594,376.3999938964844,370.4200134277344,374.1400146484375,19365898
2026-04-29 13:30:00,374.1199951171875,374.5669860839844,370.0400085449219,373.20001220703125,9463610
2026-04-29 15:30:00,373.239990234375,374.82000732421875,370.4599914550781,373.92999267578125,9806479
2026-04-29 16:00:00,373.8999938964844,374.0047912597656,372.2099914550781,372.79998779296875,3124371
2026-04-30 11:30:00,370.8599853515625,378.69000244140625,368.1700134277344,378.4700012207031,20720385
2026-04-30 13:30:00,378.5,380.1199951171875,376.6700134277344,378.52508544921875,9657168
2026-04-30 15:30:00,378.5199890136719,384.75,378.5,383.95001220703125,10654143
2026-04-30 16:00:00,383.94000244140625,383.9599914550781,380.6300048828125,381.5299987792969,4871592
2026-05-01 11:30:00,382.4750061035156,393.1499938964844,378.9100036621094,392.6549987792969,26087627
2026-05-01 13:30:00,392.70001220703125,396.4985046386719,391.010009765625,395.2200012207031,17019007
2026-05-01 15:30:00,395.2300109863281,397.82110595703125,393.69000244140625,394.3999938964844,12133449
2026-05-01 16:00:00,394.3999938964844,394.5498962402344,390.1499938964844,390.6600036621094,6045562
2026-05-04 11:30:00,390.05999755859375,394.6400146484375,385.8323974609375,388.760009765625,21809238
2026-05-04 13:30:00,388.7699890136719,394.260009765625,384.8004150390625,393.2699890136719,12083083
2026-05-04 15:30:00,393.3299865722656,394.0199890136719,390.6300048828125,393.0849914550781,9385021
2026-05-04 16:00:00,393.1099853515625,393.2900085449219,391.8500061035156,392.57501220703125,2933857
2026-05-05 11:30:00,395.18499755859375,402.0899963378906,391.53009033203125,394.0,101659587
2026-05-05 13:30:00,394.0,395.3599853515625,389.0,392.16009521484375,60451492
